Array,Platform,Node,Instrument,RefDes,Asset ID,Serial Number,deployment,gitHub changeDate,file,URL,changeType,dateRangeStart,dateRangeEnd,annotation
Coastal Pioneer NES,Upstream Inshore Profiler Mooring,Wire-Following Profiler,3-Wavelength Fluorometer: FLORT Series K,CP02PMUI-WFP01-04-FLORTK000,CGINS-FLORTK-00830,BBFL2-830,2,-9999999,CGINS-FLORTK-00830__20110405.csv,https://github.com/ooi-integration/asset-management/blob/master/calibration/FLORTK/CGINS-FLORTK-00830__20110405.csv,Calibration coefficients were modified,2014-04-12 16:42,2014-10-09 11:58,MODIFIED COEFFICIENT: A metadata review found that the CDOM calibration values for the sensor (CP02PMUI-WFP01-04-FLORTK000) were incorrect for all of deployment 2 due to biased primary and secondary calibration standards which would result in delivery of incorrect L1 or L2 derived values during that time range. The erroneous calibration values have now been entered and verified as of XXXX. All derived L1 and L2 values generated prior to the annotation date for deployment 2 for the time range 2014-04-12 16:42 to 2014-10-09 11:58 should be re-requested in order to ensure utilization of correct calibration values. The updated values can be viewed at https://github.com/ooi-integration/asset-management/blob/master/calibration/FLORTK/CGINS-FLORTK-00830__20110405.csv.
Coastal Pioneer NES,Upstream Inshore Profiler Mooring,Wire-Following Profiler,3-Wavelength Fluorometer: FLORT Series K,CP02PMUI-WFP01-04-FLORTK000,CGINS-FLORTK-00830,BBFL2-830,4,-9999999,CGINS-FLORTK-00830__20150211.csv,https://github.com/ooi-integration/asset-management/blob/master/calibration/FLORTK/CGINS-FLORTK-00830__20150211.csv,Calibration coefficients were modified,2015-05-02 00:09,2015-05-03 10:03,MODIFIED COEFFICIENT: A metadata review found that the CDOM calibration values for the sensor (CP02PMUI-WFP01-04-FLORTK000) were incorrect for all of deployment 4 due to biased primary and secondary calibration standards which would result in delivery of incorrect L1 or L2 derived values during that time range. The erroneous calibration values have now been entered and verified as of XXXX. All derived L1 and L2 values generated prior to the annotation date for deployment 4 for the time range 2015-05-02 00:09 to 2015-05-03 10:03 should be re-requested in order to ensure utilization of correct calibration values. The updated values can be viewed at https://github.com/ooi-integration/asset-management/blob/master/calibration/FLORTK/CGINS-FLORTK-00830__20150211.csv.
Coastal Pioneer NES,Upstream Inshore Profiler Mooring,Wire-Following Profiler,3-Wavelength Fluorometer: FLORT Series K,CP02PMUI-WFP01-04-FLORTK000,CGINS-FLORTK-00830,BBFL2-830,8,-9999999,CGINS-FLORTK-00830__20160715.csv,https://github.com/ooi-integration/asset-management/blob/master/calibration/FLORTK/CGINS-FLORTK-00830__20160715.csv,Calibration coefficients were modified,2016-10-04 13:55,2017-06-18 12:07,MODIFIED COEFFICIENT: A metadata review found that the CDOM calibration values for the sensor (CP02PMUI-WFP01-04-FLORTK000) were incorrect for all of deployment 8 due to biased primary and secondary calibration standards which would result in delivery of incorrect L1 or L2 derived values during that time range. The erroneous calibration values have now been entered and verified as of XXXX. All derived L1 and L2 values generated prior to the annotation date for deployment 8 for the time range 2016-10-04 13:55 to 2017-06-18 12:07 should be re-requested in order to ensure utilization of correct calibration values. The updated values can be viewed at https://github.com/ooi-integration/asset-management/blob/master/calibration/FLORTK/CGINS-FLORTK-00830__20160715.csv.
Coastal Pioneer NES,Upstream Inshore Profiler Mooring,Wire-Following Profiler,3-Wavelength Fluorometer: FLORT Series K,CP02PMUI-WFP01-04-FLORTK000,CGINS-FLORTK-00830,BBFL2-830,10,-9999999,CGINS-FLORTK-00830__20170726.csv,https://github.com/ooi-integration/asset-management/blob/master/calibration/FLORTK/CGINS-FLORTK-00830__20170726.csv,Calibration coefficients were modified,2017-11-09 17:03,2018-04-11 21:49,MODIFIED COEFFICIENT: A metadata review found that the CDOM calibration values for the sensor (CP02PMUI-WFP01-04-FLORTK000) were incorrect for all of deployment 10 due to biased primary and secondary calibration standards which would result in delivery of incorrect L1 or L2 derived values during that time range. The erroneous calibration values have now been entered and verified as of XXXX. All derived L1 and L2 values generated prior to the annotation date for deployment 10 for the time range 2017-11-09 17:03 to 2018-04-11 21:49 should be re-requested in order to ensure utilization of correct calibration values. The updated values can be viewed at https://github.com/ooi-integration/asset-management/blob/master/calibration/FLORTK/CGINS-FLORTK-00830__20170726.csv.
Coastal Pioneer NES,Upstream Inshore Profiler Mooring,Wire-Following Profiler,3-Wavelength Fluorometer: FLORT Series K,CP02PMUI-WFP01-04-FLORTK000,CGINS-FLORTK-00830,BBFL2-830,12,-9999999,CGINS-FLORTK-00830__20180628.csv,https://github.com/ooi-integration/asset-management/blob/master/calibration/FLORTK/CGINS-FLORTK-00830__20180628.csv,Calibration coefficients were modified,2018-11-04 16:43,2019-04-19 00:35,MODIFIED COEFFICIENT: A metadata review found that the CDOM calibration values for the sensor (CP02PMUI-WFP01-04-FLORTK000) were incorrect for all of deployment 12 due to biased primary and secondary calibration standards which would result in delivery of incorrect L1 or L2 derived values during that time range. The erroneous calibration values have now been entered and verified as of XXXX. All derived L1 and L2 values generated prior to the annotation date for deployment 12 for the time range 2018-11-04 16:43 to 2019-04-19 00:35 should be re-requested in order to ensure utilization of correct calibration values. The updated values can be viewed at https://github.com/ooi-integration/asset-management/blob/master/calibration/FLORTK/CGINS-FLORTK-00830__20180628.csv.
Coastal Pioneer NES,Upstream Inshore Profiler Mooring,Wire-Following Profiler,3-Wavelength Fluorometer: FLORT Series K,CP02PMUI-WFP01-04-FLORTK000,CGINS-FLORTK-00830,BBFL2-830,14,-9999999,CGINS-FLORTK-00830__20190617.csv,https://github.com/ooi-integration/asset-management/blob/master/calibration/FLORTK/CGINS-FLORTK-00830__20190617.csv,Calibration coefficients were modified,2019-10-06 18:27,2020-06-13 16:02,MODIFIED COEFFICIENT: A metadata review found that the CDOM calibration values for the sensor (CP02PMUI-WFP01-04-FLORTK000) were incorrect for all of deployment 14 due to biased primary and secondary calibration standards which would result in delivery of incorrect L1 or L2 derived values during that time range. The erroneous calibration values have now been entered and verified as of XXXX. All derived L1 and L2 values generated prior to the annotation date for deployment 14 for the time range 2019-10-06 18:27 to 2020-06-13 16:02 should be re-requested in order to ensure utilization of correct calibration values. The updated values can be viewed at https://github.com/ooi-integration/asset-management/blob/master/calibration/FLORTK/CGINS-FLORTK-00830__20190617.csv.
Coastal Pioneer NES,Upstream Inshore Profiler Mooring,Wire-Following Profiler,3-Wavelength Fluorometer: FLORT Series K,CP02PMUI-WFP01-04-FLORTK000,CGINS-FLORTK-00830,BBFL2-830,16,-9999999,CGINS-FLORTK-00830__20200724.csv,https://github.com/ooi-integration/asset-management/blob/master/calibration/FLORTK/CGINS-FLORTK-00830__20200724.csv,Calibration coefficients were modified,2021-04-12 13:49,2022-04-25 15:56,MODIFIED COEFFICIENT: A metadata review found that the CDOM calibration values for the sensor (CP02PMUI-WFP01-04-FLORTK000) were incorrect for all of deployment 16 due to biased primary and secondary calibration standards which would result in delivery of incorrect L1 or L2 derived values during that time range. The erroneous calibration values have now been entered and verified as of XXXX. All derived L1 and L2 values generated prior to the annotation date for deployment 16 for the time range 2021-04-12 13:49 to 2022-04-25 15:56 should be re-requested in order to ensure utilization of correct calibration values. The updated values can be viewed at https://github.com/ooi-integration/asset-management/blob/master/calibration/FLORTK/CGINS-FLORTK-00830__20200724.csv.
Coastal Pioneer NES,Upstream Offshore Profiler Mooring,Wire-Following Profiler,3-Wavelength Fluorometer: FLORT Series K,CP02PMUO-WFP01-04-FLORTK000,CGINS-FLORTK-00969,BBFL2-969,1,-9999999,CGINS-FLORTK-00969__20120717.csv,https://github.com/ooi-integration/asset-management/blob/master/calibration/FLORTK/CGINS-FLORTK-00969__20120717.csv,Calibration coefficients were modified,2013-11-23 15:50,2013-11-25 17:09,MODIFIED COEFFICIENT: A metadata review found that the CDOM calibration values for the sensor (CP02PMUO-WFP01-04-FLORTK000) were incorrect for all of deployment 1 due to biased primary and secondary calibration standards which would result in delivery of incorrect L1 or L2 derived values during that time range. The erroneous calibration values have now been entered and verified as of XXXX. All derived L1 and L2 values generated prior to the annotation date for deployment 1 for the time range 2013-11-23 15:50 to 2013-11-25 17:09 should be re-requested in order to ensure utilization of correct calibration values. The updated values can be viewed at https://github.com/ooi-integration/asset-management/blob/master/calibration/FLORTK/CGINS-FLORTK-00969__20120717.csv.
Coastal Pioneer NES,Offshore Profiler Mooring,Wire-Following Profiler,3-Wavelength Fluorometer: FLORT Series K,CP04OSPM-WFP01-04-FLORTK000,CGINS-FLORTK-00969,BBFL2-969,2,-9999999,CGINS-FLORTK-00969__20140814.csv,https://github.com/ooi-integration/asset-management/blob/master/calibration/FLORTK/CGINS-FLORTK-00969__20140814.csv,Calibration coefficients were modified,2014-10-04 20:04,2015-04-29 13:16,MODIFIED COEFFICIENT: A metadata review found that the CDOM calibration values for the sensor (CP04OSPM-WFP01-04-FLORTK000) were incorrect for all of deployment 2 due to biased primary and secondary calibration standards which would result in delivery of incorrect L1 or L2 derived values during that time range. The erroneous calibration values have now been entered and verified as of XXXX. All derived L1 and L2 values generated prior to the annotation date for deployment 2 for the time range 2014-10-04 20:04 to 2015-04-29 13:16 should be re-requested in order to ensure utilization of correct calibration values. The updated values can be viewed at https://github.com/ooi-integration/asset-management/blob/master/calibration/FLORTK/CGINS-FLORTK-00969__20140814.csv.
Coastal Pioneer NES,Offshore Profiler Mooring,Wire-Following Profiler,3-Wavelength Fluorometer: FLORT Series K,CP04OSPM-WFP01-04-FLORTK000,CGINS-FLORTK-00969,BBFL2-969,4,-9999999,CGINS-FLORTK-00969__20150818.csv,https://github.com/ooi-integration/asset-management/blob/master/calibration/FLORTK/CGINS-FLORTK-00969__20150818.csv,Calibration coefficients were modified,2015-10-12 19:11,2016-05-19 12:09,MODIFIED COEFFICIENT: A metadata review found that the CDOM calibration values for the sensor (CP04OSPM-WFP01-04-FLORTK000) were incorrect for all of deployment 4 due to biased primary and secondary calibration standards which would result in delivery of incorrect L1 or L2 derived values during that time range. The erroneous calibration values have now been entered and verified as of XXXX. All derived L1 and L2 values generated prior to the annotation date for deployment 4 for the time range 2015-10-12 19:11 to 2016-05-19 12:09 should be re-requested in order to ensure utilization of correct calibration values. The updated values can be viewed at https://github.com/ooi-integration/asset-management/blob/master/calibration/FLORTK/CGINS-FLORTK-00969__20150818.csv.
Coastal Pioneer NES,Upstream Inshore Profiler Mooring,Wire-Following Profiler,3-Wavelength Fluorometer: FLORT Series K,CP02PMUI-WFP01-04-FLORTK000,CGINS-FLORTK-00969,BBFL2-969,9,-9999999,CGINS-FLORTK-00969__20161212.csv,https://github.com/ooi-integration/asset-management/blob/master/calibration/FLORTK/CGINS-FLORTK-00969__20161212.csv,Calibration coefficients were modified,2017-06-17 20:01,2017-11-09 11:11,MODIFIED COEFFICIENT: A metadata review found that the CDOM calibration values for the sensor (CP02PMUI-WFP01-04-FLORTK000) were incorrect for all of deployment 9 due to biased primary and secondary calibration standards which would result in delivery of incorrect L1 or L2 derived values during that time range. The erroneous calibration values have now been entered and verified as of XXXX. All derived L1 and L2 values generated prior to the annotation date for deployment 9 for the time range 2017-06-17 20:01 to 2017-11-09 11:11 should be re-requested in order to ensure utilization of correct calibration values. The updated values can be viewed at https://github.com/ooi-integration/asset-management/blob/master/calibration/FLORTK/CGINS-FLORTK-00969__20161212.csv.
Coastal Pioneer NES,Upstream Inshore Profiler Mooring,Wire-Following Profiler,3-Wavelength Fluorometer: FLORT Series K,CP02PMUI-WFP01-04-FLORTK000,CGINS-FLORTK-00969,BBFL2-969,11,-9999999,CGINS-FLORTK-00969__20180126.csv,https://github.com/ooi-integration/asset-management/blob/master/calibration/FLORTK/CGINS-FLORTK-00969__20180126.csv,Calibration coefficients were modified,2018-04-05 18:24,2018-11-04 17:43,MODIFIED COEFFICIENT: A metadata review found that the CDOM calibration values for the sensor (CP02PMUI-WFP01-04-FLORTK000) were incorrect for all of deployment 11 due to biased primary and secondary calibration standards which would result in delivery of incorrect L1 or L2 derived values during that time range. The erroneous calibration values have now been entered and verified as of XXXX. All derived L1 and L2 values generated prior to the annotation date for deployment 11 for the time range 2018-04-05 18:24 to 2018-11-04 17:43 should be re-requested in order to ensure utilization of correct calibration values. The updated values can be viewed at https://github.com/ooi-integration/asset-management/blob/master/calibration/FLORTK/CGINS-FLORTK-00969__20180126.csv.
Coastal Pioneer NES,Upstream Inshore Profiler Mooring,Wire-Following Profiler,3-Wavelength Fluorometer: FLORT Series K,CP02PMUI-WFP01-04-FLORTK000,CGINS-FLORTK-00969,BBFL2-969,13,-9999999,CGINS-FLORTK-00969__20190111.csv,https://github.com/ooi-integration/asset-management/blob/master/calibration/FLORTK/CGINS-FLORTK-00969__20190111.csv,Calibration coefficients were modified,2019-04-15 01:03,2019-10-06 19:12,MODIFIED COEFFICIENT: A metadata review found that the CDOM calibration values for the sensor (CP02PMUI-WFP01-04-FLORTK000) were incorrect for all of deployment 13 due to biased primary and secondary calibration standards which would result in delivery of incorrect L1 or L2 derived values during that time range. The erroneous calibration values have now been entered and verified as of XXXX. All derived L1 and L2 values generated prior to the annotation date for deployment 13 for the time range 2019-04-15 01:03 to 2019-10-06 19:12 should be re-requested in order to ensure utilization of correct calibration values. The updated values can be viewed at https://github.com/ooi-integration/asset-management/blob/master/calibration/FLORTK/CGINS-FLORTK-00969__20190111.csv.
Coastal Pioneer NES,Upstream Inshore Profiler Mooring,Wire-Following Profiler,3-Wavelength Fluorometer: FLORT Series K,CP02PMUI-WFP01-04-FLORTK000,CGINS-FLORTK-00969,BBFL2-969,15,-9999999,CGINS-FLORTK-00969__20191210.csv,https://github.com/ooi-integration/asset-management/blob/master/calibration/FLORTK/CGINS-FLORTK-00969__20191210.csv,Calibration coefficients were modified,2020-06-13 13:47,2020-12-08 06:30,MODIFIED COEFFICIENT: A metadata review found that the CDOM calibration values for the sensor (CP02PMUI-WFP01-04-FLORTK000) were incorrect for all of deployment 15 due to biased primary and secondary calibration standards which would result in delivery of incorrect L1 or L2 derived values during that time range. The erroneous calibration values have now been entered and verified as of XXXX. All derived L1 and L2 values generated prior to the annotation date for deployment 15 for the time range 2020-06-13 13:47 to 2020-12-08 06:30 should be re-requested in order to ensure utilization of correct calibration values. The updated values can be viewed at https://github.com/ooi-integration/asset-management/blob/master/calibration/FLORTK/CGINS-FLORTK-00969__20191210.csv.
Coastal Pioneer NES,Upstream Inshore Profiler Mooring,Wire-Following Profiler,3-Wavelength Fluorometer: FLORT Series K,CP02PMUI-WFP01-04-FLORTK000,CGINS-FLORTK-01029,BBFL2-1029,1,-9999999,CGINS-FLORTK-01029__20121211.csv,https://github.com/ooi-integration/asset-management/blob/master/calibration/FLORTK/CGINS-FLORTK-01029__20121211.csv,Calibration coefficients were modified,2013-11-23 23:16,2014-04-12 20:06,MODIFIED COEFFICIENT: A metadata review found that the CDOM calibration values for the sensor (CP02PMUI-WFP01-04-FLORTK000) were incorrect for all of deployment 1 due to biased primary and secondary calibration standards which would result in delivery of incorrect L1 or L2 derived values during that time range. The erroneous calibration values have now been entered and verified as of XXXX. All derived L1 and L2 values generated prior to the annotation date for deployment 1 for the time range 2013-11-23 23:16 to 2014-04-12 20:06 should be re-requested in order to ensure utilization of correct calibration values. The updated values can be viewed at https://github.com/ooi-integration/asset-management/blob/master/calibration/FLORTK/CGINS-FLORTK-01029__20121211.csv.
Coastal Pioneer NES,Central Offshore Profiler Mooring,Wire-Following Profiler,3-Wavelength Fluorometer: FLORT Series K,CP02PMCO-WFP01-04-FLORTK000,CGINS-FLORTK-01029,BBFL2-1029,2,-9999999,CGINS-FLORTK-01029__20140814.csv,https://github.com/ooi-integration/asset-management/blob/master/calibration/FLORTK/CGINS-FLORTK-01029__20140814.csv,Calibration coefficients were modified,2014-10-07 19:04,2015-05-01 12:10,MODIFIED COEFFICIENT: A metadata review found that the CDOM calibration values for the sensor (CP02PMCO-WFP01-04-FLORTK000) were incorrect for all of deployment 2 due to biased primary and secondary calibration standards which would result in delivery of incorrect L1 or L2 derived values during that time range. The erroneous calibration values have now been entered and verified as of XXXX. All derived L1 and L2 values generated prior to the annotation date for deployment 2 for the time range 2014-10-07 19:04 to 2015-05-01 12:10 should be re-requested in order to ensure utilization of correct calibration values. The updated values can be viewed at https://github.com/ooi-integration/asset-management/blob/master/calibration/FLORTK/CGINS-FLORTK-01029__20140814.csv.
Coastal Pioneer NES,Central Offshore Profiler Mooring,Wire-Following Profiler,3-Wavelength Fluorometer: FLORT Series K,CP02PMCO-WFP01-04-FLORTK000,CGINS-FLORTK-01029,BBFL2-1029,4,-9999999,CGINS-FLORTK-01029__20150812.csv,https://github.com/ooi-integration/asset-management/blob/master/calibration/FLORTK/CGINS-FLORTK-01029__20150812.csv,Calibration coefficients were modified,2015-10-14 19:05,2015-10-17 12:25,MODIFIED COEFFICIENT: A metadata review found that the CDOM calibration values for the sensor (CP02PMCO-WFP01-04-FLORTK000) were incorrect for all of deployment 4 due to biased primary and secondary calibration standards which would result in delivery of incorrect L1 or L2 derived values during that time range. The erroneous calibration values have now been entered and verified as of XXXX. All derived L1 and L2 values generated prior to the annotation date for deployment 4 for the time range 2015-10-14 19:05 to 2015-10-17 12:25 should be re-requested in order to ensure utilization of correct calibration values. The updated values can be viewed at https://github.com/ooi-integration/asset-management/blob/master/calibration/FLORTK/CGINS-FLORTK-01029__20150812.csv.
Coastal Pioneer NES,Central Offshore Profiler Mooring,Wire-Following Profiler,3-Wavelength Fluorometer: FLORT Series K,CP02PMCO-WFP01-04-FLORTK000,CGINS-FLORTK-01029,BBFL2-1029,7,-9999999,CGINS-FLORTK-01029__20160714.csv,https://github.com/ooi-integration/asset-management/blob/master/calibration/FLORTK/CGINS-FLORTK-01029__20160714.csv,Calibration coefficients were modified,2016-10-02 19:07,2017-06-16 12:02,MODIFIED COEFFICIENT: A metadata review found that the CDOM calibration values for the sensor (CP02PMCO-WFP01-04-FLORTK000) were incorrect for all of deployment 7 due to biased primary and secondary calibration standards which would result in delivery of incorrect L1 or L2 derived values during that time range. The erroneous calibration values have now been entered and verified as of XXXX. All derived L1 and L2 values generated prior to the annotation date for deployment 7 for the time range 2016-10-02 19:07 to 2017-06-16 12:02 should be re-requested in order to ensure utilization of correct calibration values. The updated values can be viewed at https://github.com/ooi-integration/asset-management/blob/master/calibration/FLORTK/CGINS-FLORTK-01029__20160714.csv.
Coastal Pioneer NES,Central Inshore Profiler Mooring,Wire-Following Profiler,3-Wavelength Fluorometer: FLORT Series K,CP02PMCI-WFP01-04-FLORTK000,CGINS-FLORTK-01029,BBFL2-1029,9,-9999999,CGINS-FLORTK-01029__20170725.csv,https://github.com/ooi-integration/asset-management/blob/master/calibration/FLORTK/CGINS-FLORTK-01029__20170725.csv,Calibration coefficients were modified,2017-11-07 20:45,2018-04-11 13:46,MODIFIED COEFFICIENT: A metadata review found that the CDOM calibration values for the sensor (CP02PMCI-WFP01-04-FLORTK000) were incorrect for all of deployment 9 due to biased primary and secondary calibration standards which would result in delivery of incorrect L1 or L2 derived values during that time range. The erroneous calibration values have now been entered and verified as of XXXX. All derived L1 and L2 values generated prior to the annotation date for deployment 9 for the time range 2017-11-07 20:45 to 2018-04-11 13:46 should be re-requested in order to ensure utilization of correct calibration values. The updated values can be viewed at https://github.com/ooi-integration/asset-management/blob/master/calibration/FLORTK/CGINS-FLORTK-01029__20170725.csv.
Coastal Pioneer NES,Central Inshore Profiler Mooring,Wire-Following Profiler,3-Wavelength Fluorometer: FLORT Series K,CP02PMCI-WFP01-04-FLORTK000,CGINS-FLORTK-01029,BBFL2-1029,11,-9999999,CGINS-FLORTK-01029__20180628.csv,https://github.com/ooi-integration/asset-management/blob/master/calibration/FLORTK/CGINS-FLORTK-01029__20180628.csv,Calibration coefficients were modified,2018-11-05 14:53,2019-04-18 21:51,MODIFIED COEFFICIENT: A metadata review found that the CDOM calibration values for the sensor (CP02PMCI-WFP01-04-FLORTK000) were incorrect for all of deployment 11 due to biased primary and secondary calibration standards which would result in delivery of incorrect L1 or L2 derived values during that time range. The erroneous calibration values have now been entered and verified as of XXXX. All derived L1 and L2 values generated prior to the annotation date for deployment 11 for the time range 2018-11-05 14:53 to 2019-04-18 21:51 should be re-requested in order to ensure utilization of correct calibration values. The updated values can be viewed at https://github.com/ooi-integration/asset-management/blob/master/calibration/FLORTK/CGINS-FLORTK-01029__20180628.csv.
Coastal Pioneer NES,Central Inshore Profiler Mooring,Wire-Following Profiler,3-Wavelength Fluorometer: FLORT Series K,CP02PMCI-WFP01-04-FLORTK000,CGINS-FLORTK-01029,BBFL2-1029,13,-9999999,CGINS-FLORTK-01029__20190617.csv,https://github.com/ooi-integration/asset-management/blob/master/calibration/FLORTK/CGINS-FLORTK-01029__20190617.csv,Calibration coefficients were modified,2019-10-07 18:23,2020-06-12 16:01,MODIFIED COEFFICIENT: A metadata review found that the CDOM calibration values for the sensor (CP02PMCI-WFP01-04-FLORTK000) were incorrect for all of deployment 13 due to biased primary and secondary calibration standards which would result in delivery of incorrect L1 or L2 derived values during that time range. The erroneous calibration values have now been entered and verified as of XXXX. All derived L1 and L2 values generated prior to the annotation date for deployment 13 for the time range 2019-10-07 18:23 to 2020-06-12 16:01 should be re-requested in order to ensure utilization of correct calibration values. The updated values can be viewed at https://github.com/ooi-integration/asset-management/blob/master/calibration/FLORTK/CGINS-FLORTK-01029__20190617.csv.
Coastal Pioneer NES,Central Inshore Profiler Mooring,Wire-Following Profiler,3-Wavelength Fluorometer: FLORT Series K,CP02PMCI-WFP01-04-FLORTK000,CGINS-FLORTK-01029,BBFL2-1029,15,-9999999,CGINS-FLORTK-01029__20200727.csv,https://github.com/ooi-integration/asset-management/blob/master/calibration/FLORTK/CGINS-FLORTK-01029__20200727.csv,Calibration coefficients were modified,2021-04-13 13:35,2022-04-24 15:53,MODIFIED COEFFICIENT: A metadata review found that the CDOM calibration values for the sensor (CP02PMCI-WFP01-04-FLORTK000) were incorrect for all of deployment 15 due to biased primary and secondary calibration standards which would result in delivery of incorrect L1 or L2 derived values during that time range. The erroneous calibration values have now been entered and verified as of XXXX. All derived L1 and L2 values generated prior to the annotation date for deployment 15 for the time range 2021-04-13 13:35 to 2022-04-24 15:53 should be re-requested in order to ensure utilization of correct calibration values. The updated values can be viewed at https://github.com/ooi-integration/asset-management/blob/master/calibration/FLORTK/CGINS-FLORTK-01029__20200727.csv.
Coastal Pioneer NES,Upstream Offshore Profiler Mooring,Wire-Following Profiler,3-Wavelength Fluorometer: FLORT Series K,CP02PMUO-WFP01-04-FLORTK000,CGINS-FLORTK-01031,BBFL2-1031,2,-9999999,CGINS-FLORTK-01031__20121212.csv,https://github.com/ooi-integration/asset-management/blob/master/calibration/FLORTK/CGINS-FLORTK-01031__20121212.csv,Calibration coefficients were modified,2013-11-25 20:58,2014-04-14 21:31,MODIFIED COEFFICIENT: A metadata review found that the CDOM calibration values for the sensor (CP02PMUO-WFP01-04-FLORTK000) were incorrect for all of deployment 2 due to biased primary and secondary calibration standards which would result in delivery of incorrect L1 or L2 derived values during that time range. The erroneous calibration values have now been entered and verified as of XXXX. All derived L1 and L2 values generated prior to the annotation date for deployment 2 for the time range 2013-11-25 20:58 to 2014-04-14 21:31 should be re-requested in order to ensure utilization of correct calibration values. The updated values can be viewed at https://github.com/ooi-integration/asset-management/blob/master/calibration/FLORTK/CGINS-FLORTK-01031__20121212.csv.
Coastal Pioneer NES,Central Inshore Profiler Mooring,Wire-Following Profiler,3-Wavelength Fluorometer: FLORT Series K,CP02PMCI-WFP01-04-FLORTK000,CGINS-FLORTK-01031,BBFL2-1031,2,-9999999,CGINS-FLORTK-01031__20140814.csv,https://github.com/ooi-integration/asset-management/blob/master/calibration/FLORTK/CGINS-FLORTK-01031__20140814.csv,Calibration coefficients were modified,2014-10-10 18:11,2014-12-15 14:00,MODIFIED COEFFICIENT: A metadata review found that the CDOM calibration values for the sensor (CP02PMCI-WFP01-04-FLORTK000) were incorrect for all of deployment 2 due to biased primary and secondary calibration standards which would result in delivery of incorrect L1 or L2 derived values during that time range. The erroneous calibration values have now been entered and verified as of XXXX. All derived L1 and L2 values generated prior to the annotation date for deployment 2 for the time range 2014-10-10 18:11 to 2014-12-15 14:00 should be re-requested in order to ensure utilization of correct calibration values. The updated values can be viewed at https://github.com/ooi-integration/asset-management/blob/master/calibration/FLORTK/CGINS-FLORTK-01031__20140814.csv.
Coastal Pioneer NES,Central Inshore Profiler Mooring,Wire-Following Profiler,3-Wavelength Fluorometer: FLORT Series K,CP02PMCI-WFP01-04-FLORTK000,CGINS-FLORTK-01031,BBFL2-1031,5,-9999999,CGINS-FLORTK-01031__20151230.csv,https://github.com/ooi-integration/asset-management/blob/master/calibration/FLORTK/CGINS-FLORTK-01031__20151230.csv,Calibration coefficients were modified,2016-05-21 00:18,2016-05-30 12:05,MODIFIED COEFFICIENT: A metadata review found that the CDOM calibration values for the sensor (CP02PMCI-WFP01-04-FLORTK000) were incorrect for all of deployment 5 due to biased primary and secondary calibration standards which would result in delivery of incorrect L1 or L2 derived values during that time range. The erroneous calibration values have now been entered and verified as of XXXX. All derived L1 and L2 values generated prior to the annotation date for deployment 5 for the time range 2016-05-21 00:18 to 2016-05-30 12:05 should be re-requested in order to ensure utilization of correct calibration values. The updated values can be viewed at https://github.com/ooi-integration/asset-management/blob/master/calibration/FLORTK/CGINS-FLORTK-01031__20151230.csv.
Coastal Pioneer NES,Central Offshore Profiler Mooring,Wire-Following Profiler,3-Wavelength Fluorometer: FLORT Series K,CP02PMCO-WFP01-04-FLORTK000,CGINS-FLORTK-01031,BBFL2-1031,9,-9999999,CGINS-FLORTK-01031__20170726.csv,https://github.com/ooi-integration/asset-management/blob/master/calibration/FLORTK/CGINS-FLORTK-01031__20170726.csv,Calibration coefficients were modified,2017-11-07 01:11,2018-04-10 19:11,MODIFIED COEFFICIENT: A metadata review found that the CDOM calibration values for the sensor (CP02PMCO-WFP01-04-FLORTK000) were incorrect for all of deployment 9 due to biased primary and secondary calibration standards which would result in delivery of incorrect L1 or L2 derived values during that time range. The erroneous calibration values have now been entered and verified as of XXXX. All derived L1 and L2 values generated prior to the annotation date for deployment 9 for the time range 2017-11-07 01:11 to 2018-04-10 19:11 should be re-requested in order to ensure utilization of correct calibration values. The updated values can be viewed at https://github.com/ooi-integration/asset-management/blob/master/calibration/FLORTK/CGINS-FLORTK-01031__20170726.csv.
Coastal Pioneer NES,Central Offshore Profiler Mooring,Wire-Following Profiler,3-Wavelength Fluorometer: FLORT Series K,CP02PMCO-WFP01-04-FLORTK000,CGINS-FLORTK-01031,BBFL2-1031,11,-9999999,CGINS-FLORTK-01031__20180628.csv,https://github.com/ooi-integration/asset-management/blob/master/calibration/FLORTK/CGINS-FLORTK-01031__20180628.csv,Calibration coefficients were modified,2018-11-02 20:28,2019-04-23 16:12,MODIFIED COEFFICIENT: A metadata review found that the CDOM calibration values for the sensor (CP02PMCO-WFP01-04-FLORTK000) were incorrect for all of deployment 11 due to biased primary and secondary calibration standards which would result in delivery of incorrect L1 or L2 derived values during that time range. The erroneous calibration values have now been entered and verified as of XXXX. All derived L1 and L2 values generated prior to the annotation date for deployment 11 for the time range 2018-11-02 20:28 to 2019-04-23 16:12 should be re-requested in order to ensure utilization of correct calibration values. The updated values can be viewed at https://github.com/ooi-integration/asset-management/blob/master/calibration/FLORTK/CGINS-FLORTK-01031__20180628.csv.
Coastal Pioneer NES,Central Offshore Profiler Mooring,Wire-Following Profiler,3-Wavelength Fluorometer: FLORT Series K,CP02PMCO-WFP01-04-FLORTK000,CGINS-FLORTK-01031,BBFL2-1031,13,-9999999,CGINS-FLORTK-01031__20190625.csv,https://github.com/ooi-integration/asset-management/blob/master/calibration/FLORTK/CGINS-FLORTK-01031__20190625.csv,Calibration coefficients were modified,2019-10-08 02:02,2020-06-10 16:07,MODIFIED COEFFICIENT: A metadata review found that the CDOM calibration values for the sensor (CP02PMCO-WFP01-04-FLORTK000) were incorrect for all of deployment 13 due to biased primary and secondary calibration standards which would result in delivery of incorrect L1 or L2 derived values during that time range. The erroneous calibration values have now been entered and verified as of XXXX. All derived L1 and L2 values generated prior to the annotation date for deployment 13 for the time range 2019-10-08 02:02 to 2020-06-10 16:07 should be re-requested in order to ensure utilization of correct calibration values. The updated values can be viewed at https://github.com/ooi-integration/asset-management/blob/master/calibration/FLORTK/CGINS-FLORTK-01031__20190625.csv.
Coastal Pioneer NES,Central Offshore Profiler Mooring,Wire-Following Profiler,3-Wavelength Fluorometer: FLORT Series K,CP02PMCO-WFP01-04-FLORTK000,CGINS-FLORTK-01031,BBFL2-1031,15,-9999999,CGINS-FLORTK-01031__20200715.csv,https://github.com/ooi-integration/asset-management/blob/master/calibration/FLORTK/CGINS-FLORTK-01031__20200715.csv,Calibration coefficients were modified,2021-04-11 13:44,2021-11-10 14:47,MODIFIED COEFFICIENT: A metadata review found that the CDOM calibration values for the sensor (CP02PMCO-WFP01-04-FLORTK000) were incorrect for all of deployment 15 due to biased primary and secondary calibration standards which would result in delivery of incorrect L1 or L2 derived values during that time range. The erroneous calibration values have now been entered and verified as of XXXX. All derived L1 and L2 values generated prior to the annotation date for deployment 15 for the time range 2021-04-11 13:44 to 2021-11-10 14:47 should be re-requested in order to ensure utilization of correct calibration values. The updated values can be viewed at https://github.com/ooi-integration/asset-management/blob/master/calibration/FLORTK/CGINS-FLORTK-01031__20200715.csv.
Coastal Pioneer NES,Central Offshore Profiler Mooring,Wire-Following Profiler,3-Wavelength Fluorometer: FLORT Series K,CP02PMCO-WFP01-04-FLORTK000,CGINS-FLORTK-01031,BBFL2-1031,17,-9999999,CGINS-FLORTK-01031__20220120.csv,https://github.com/ooi-integration/asset-management/blob/master/calibration/FLORTK/CGINS-FLORTK-01031__20220120.csv,Calibration coefficients were modified,2022-04-23 14:32,2022-11-18 15:31,MODIFIED COEFFICIENT: A metadata review found that the CDOM calibration values for the sensor (CP02PMCO-WFP01-04-FLORTK000) were incorrect for all of deployment 17 due to biased primary and secondary calibration standards which would result in delivery of incorrect L1 or L2 derived values during that time range. The erroneous calibration values have now been entered and verified as of XXXX. All derived L1 and L2 values generated prior to the annotation date for deployment 17 for the time range 2022-04-23 14:32 to 2022-11-18 15:31 should be re-requested in order to ensure utilization of correct calibration values. The updated values can be viewed at https://github.com/ooi-integration/asset-management/blob/master/calibration/FLORTK/CGINS-FLORTK-01031__20220120.csv.
Coastal Pioneer NES,Upstream Offshore Profiler Mooring,Wire-Following Profiler,3-Wavelength Fluorometer: FLORT Series K,CP02PMUO-WFP01-04-FLORTK000,CGINS-FLORTK-01033,BBFL2-1033,4,-9999999,CGINS-FLORTK-01033__20121212.csv,https://github.com/ooi-integration/asset-management/blob/master/calibration/FLORTK/CGINS-FLORTK-01033__20121212.csv,Calibration coefficients were modified,2014-10-05 20:02,2015-04-30 10:03,MODIFIED COEFFICIENT: A metadata review found that the CDOM calibration values for the sensor (CP02PMUO-WFP01-04-FLORTK000) were incorrect for all of deployment 4 due to biased primary and secondary calibration standards which would result in delivery of incorrect L1 or L2 derived values during that time range. The erroneous calibration values have now been entered and verified as of XXXX. All derived L1 and L2 values generated prior to the annotation date for deployment 4 for the time range 2014-10-05 20:02 to 2015-04-30 10:03 should be re-requested in order to ensure utilization of correct calibration values. The updated values can be viewed at https://github.com/ooi-integration/asset-management/blob/master/calibration/FLORTK/CGINS-FLORTK-01033__20121212.csv.
Coastal Pioneer NES,Upstream Offshore Profiler Mooring,Wire-Following Profiler,3-Wavelength Fluorometer: FLORT Series K,CP02PMUO-WFP01-04-FLORTK000,CGINS-FLORTK-01033,BBFL2-1033,6,-9999999,CGINS-FLORTK-01033__20150917.csv,https://github.com/ooi-integration/asset-management/blob/master/calibration/FLORTK/CGINS-FLORTK-01033__20150917.csv,Calibration coefficients were modified,2015-10-13 19:12,2016-05-18 12:20,MODIFIED COEFFICIENT: A metadata review found that the CDOM calibration values for the sensor (CP02PMUO-WFP01-04-FLORTK000) were incorrect for all of deployment 6 due to biased primary and secondary calibration standards which would result in delivery of incorrect L1 or L2 derived values during that time range. The erroneous calibration values have now been entered and verified as of XXXX. All derived L1 and L2 values generated prior to the annotation date for deployment 6 for the time range 2015-10-13 19:12 to 2016-05-18 12:20 should be re-requested in order to ensure utilization of correct calibration values. The updated values can be viewed at https://github.com/ooi-integration/asset-management/blob/master/calibration/FLORTK/CGINS-FLORTK-01033__20150917.csv.
Coastal Pioneer NES,Upstream Offshore Profiler Mooring,Wire-Following Profiler,3-Wavelength Fluorometer: FLORT Series K,CP02PMUO-WFP01-04-FLORTK000,CGINS-FLORTK-01100,BBFL2-1100,3,-9999999,CGINS-FLORTK-01100__20130828.csv,https://github.com/ooi-integration/asset-management/blob/master/calibration/FLORTK/CGINS-FLORTK-01100__20130828.csv,Calibration coefficients were modified,2014-04-14 19:01,2014-10-05 12:11,MODIFIED COEFFICIENT: A metadata review found that the CDOM calibration values for the sensor (CP02PMUO-WFP01-04-FLORTK000) were incorrect for all of deployment 3 due to biased primary and secondary calibration standards which would result in delivery of incorrect L1 or L2 derived values during that time range. The erroneous calibration values have now been entered and verified as of XXXX. All derived L1 and L2 values generated prior to the annotation date for deployment 3 for the time range 2014-04-14 19:01 to 2014-10-05 12:11 should be re-requested in order to ensure utilization of correct calibration values. The updated values can be viewed at https://github.com/ooi-integration/asset-management/blob/master/calibration/FLORTK/CGINS-FLORTK-01100__20130828.csv.
Coastal Pioneer NES,Upstream Offshore Profiler Mooring,Wire-Following Profiler,3-Wavelength Fluorometer: FLORT Series K,CP02PMUO-WFP01-04-FLORTK000,CGINS-FLORTK-01100,BBFL2-1100,5,-9999999,CGINS-FLORTK-01100__20150212.csv,https://github.com/ooi-integration/asset-management/blob/master/calibration/FLORTK/CGINS-FLORTK-01100__20150212.csv,Calibration coefficients were modified,2015-04-30 16:56,2015-10-13 13:04,MODIFIED COEFFICIENT: A metadata review found that the CDOM calibration values for the sensor (CP02PMUO-WFP01-04-FLORTK000) were incorrect for all of deployment 5 due to biased primary and secondary calibration standards which would result in delivery of incorrect L1 or L2 derived values during that time range. The erroneous calibration values have now been entered and verified as of XXXX. All derived L1 and L2 values generated prior to the annotation date for deployment 5 for the time range 2015-04-30 16:56 to 2015-10-13 13:04 should be re-requested in order to ensure utilization of correct calibration values. The updated values can be viewed at https://github.com/ooi-integration/asset-management/blob/master/calibration/FLORTK/CGINS-FLORTK-01100__20150212.csv.
Coastal Pioneer NES,Upstream Offshore Profiler Mooring,Wire-Following Profiler,3-Wavelength Fluorometer: FLORT Series K,CP02PMUO-WFP01-04-FLORTK000,CGINS-FLORTK-01100,BBFL2-1100,7,-9999999,CGINS-FLORTK-01100__20151229.csv,https://github.com/ooi-integration/asset-management/blob/master/calibration/FLORTK/CGINS-FLORTK-01100__20151229.csv,Calibration coefficients were modified,2016-05-18 21:17,2016-10-01 16:16,MODIFIED COEFFICIENT: A metadata review found that the CDOM calibration values for the sensor (CP02PMUO-WFP01-04-FLORTK000) were incorrect for all of deployment 7 due to biased primary and secondary calibration standards which would result in delivery of incorrect L1 or L2 derived values during that time range. The erroneous calibration values have now been entered and verified as of XXXX. All derived L1 and L2 values generated prior to the annotation date for deployment 7 for the time range 2016-05-18 21:17 to 2016-10-01 16:16 should be re-requested in order to ensure utilization of correct calibration values. The updated values can be viewed at https://github.com/ooi-integration/asset-management/blob/master/calibration/FLORTK/CGINS-FLORTK-01100__20151229.csv.
Coastal Pioneer NES,Upstream Offshore Profiler Mooring,Wire-Following Profiler,3-Wavelength Fluorometer: FLORT Series K,CP02PMUO-WFP01-04-FLORTK000,CGINS-FLORTK-01100,BBFL2-1100,9,-9999999,CGINS-FLORTK-01100__20161212.csv,https://github.com/ooi-integration/asset-management/blob/master/calibration/FLORTK/CGINS-FLORTK-01100__20161212.csv,Calibration coefficients were modified,2017-06-07 18:53,2017-11-11 12:45,MODIFIED COEFFICIENT: A metadata review found that the CDOM calibration values for the sensor (CP02PMUO-WFP01-04-FLORTK000) were incorrect for all of deployment 9 due to biased primary and secondary calibration standards which would result in delivery of incorrect L1 or L2 derived values during that time range. The erroneous calibration values have now been entered and verified as of XXXX. All derived L1 and L2 values generated prior to the annotation date for deployment 9 for the time range 2017-06-07 18:53 to 2017-11-11 12:45 should be re-requested in order to ensure utilization of correct calibration values. The updated values can be viewed at https://github.com/ooi-integration/asset-management/blob/master/calibration/FLORTK/CGINS-FLORTK-01100__20161212.csv.
Coastal Pioneer NES,Upstream Offshore Profiler Mooring,Wire-Following Profiler,3-Wavelength Fluorometer: FLORT Series K,CP02PMUO-WFP01-04-FLORTK000,CGINS-FLORTK-01100,BBFL2-1100,11,-9999999,CGINS-FLORTK-01100__20180126.csv,https://github.com/ooi-integration/asset-management/blob/master/calibration/FLORTK/CGINS-FLORTK-01100__20180126.csv,Calibration coefficients were modified,2018-04-09 23:28,2018-11-07 13:00,MODIFIED COEFFICIENT: A metadata review found that the CDOM calibration values for the sensor (CP02PMUO-WFP01-04-FLORTK000) were incorrect for all of deployment 11 due to biased primary and secondary calibration standards which would result in delivery of incorrect L1 or L2 derived values during that time range. The erroneous calibration values have now been entered and verified as of XXXX. All derived L1 and L2 values generated prior to the annotation date for deployment 11 for the time range 2018-04-09 23:28 to 2018-11-07 13:00 should be re-requested in order to ensure utilization of correct calibration values. The updated values can be viewed at https://github.com/ooi-integration/asset-management/blob/master/calibration/FLORTK/CGINS-FLORTK-01100__20180126.csv.
Coastal Pioneer NES,Upstream Offshore Profiler Mooring,Wire-Following Profiler,3-Wavelength Fluorometer: FLORT Series K,CP02PMUO-WFP01-04-FLORTK000,CGINS-FLORTK-01100,BBFL2-1100,13,-9999999,CGINS-FLORTK-01100__20190111.csv,https://github.com/ooi-integration/asset-management/blob/master/calibration/FLORTK/CGINS-FLORTK-01100__20190111.csv,Calibration coefficients were modified,2019-04-23 14:11,2019-10-14 12:01,MODIFIED COEFFICIENT: A metadata review found that the CDOM calibration values for the sensor (CP02PMUO-WFP01-04-FLORTK000) were incorrect for all of deployment 13 due to biased primary and secondary calibration standards which would result in delivery of incorrect L1 or L2 derived values during that time range. The erroneous calibration values have now been entered and verified as of XXXX. All derived L1 and L2 values generated prior to the annotation date for deployment 13 for the time range 2019-04-23 14:11 to 2019-10-14 12:01 should be re-requested in order to ensure utilization of correct calibration values. The updated values can be viewed at https://github.com/ooi-integration/asset-management/blob/master/calibration/FLORTK/CGINS-FLORTK-01100__20190111.csv.
Coastal Pioneer NES,Upstream Offshore Profiler Mooring,Wire-Following Profiler,3-Wavelength Fluorometer: FLORT Series K,CP02PMUO-WFP01-04-FLORTK000,CGINS-FLORTK-01100,BBFL2-1100,15,-9999999,CGINS-FLORTK-01100__20191210.csv,https://github.com/ooi-integration/asset-management/blob/master/calibration/FLORTK/CGINS-FLORTK-01100__20191210.csv,Calibration coefficients were modified,2020-06-09 13:57,2020-11-09 13:15,MODIFIED COEFFICIENT: A metadata review found that the CDOM calibration values for the sensor (CP02PMUO-WFP01-04-FLORTK000) were incorrect for all of deployment 15 due to biased primary and secondary calibration standards which would result in delivery of incorrect L1 or L2 derived values during that time range. The erroneous calibration values have now been entered and verified as of XXXX. All derived L1 and L2 values generated prior to the annotation date for deployment 15 for the time range 2020-06-09 13:57 to 2020-11-09 13:15 should be re-requested in order to ensure utilization of correct calibration values. The updated values can be viewed at https://github.com/ooi-integration/asset-management/blob/master/calibration/FLORTK/CGINS-FLORTK-01100__20191210.csv.
Coastal Pioneer NES,Upstream Offshore Profiler Mooring,Wire-Following Profiler,3-Wavelength Fluorometer: FLORT Series K,CP02PMUO-WFP01-04-FLORTK000,CGINS-FLORTK-01100,BBFL2-1100,17,-9999999,CGINS-FLORTK-01100__20210108.csv,https://github.com/ooi-integration/asset-management/blob/master/calibration/FLORTK/CGINS-FLORTK-01100__20210108.csv,Calibration coefficients were modified,2021-04-10 13:41,2021-11-13 12:39,MODIFIED COEFFICIENT: A metadata review found that the CDOM calibration values for the sensor (CP02PMUO-WFP01-04-FLORTK000) were incorrect for all of deployment 17 due to biased primary and secondary calibration standards which would result in delivery of incorrect L1 or L2 derived values during that time range. The erroneous calibration values have now been entered and verified as of XXXX. All derived L1 and L2 values generated prior to the annotation date for deployment 17 for the time range 2021-04-10 13:41 to 2021-11-13 12:39 should be re-requested in order to ensure utilization of correct calibration values. The updated values can be viewed at https://github.com/ooi-integration/asset-management/blob/master/calibration/FLORTK/CGINS-FLORTK-01100__20210108.csv.
Coastal Pioneer NES,Upstream Offshore Profiler Mooring,Wire-Following Profiler,3-Wavelength Fluorometer: FLORT Series K,CP02PMUO-WFP01-04-FLORTK000,CGINS-FLORTK-01100,BBFL2-1100,19,-9999999,CGINS-FLORTK-01100__20220120.csv,https://github.com/ooi-integration/asset-management/blob/master/calibration/FLORTK/CGINS-FLORTK-01100__20220120.csv,Calibration coefficients were modified,2022-04-22 14:22,2022-11-18 11:53,MODIFIED COEFFICIENT: A metadata review found that the CDOM calibration values for the sensor (CP02PMUO-WFP01-04-FLORTK000) were incorrect for all of deployment 19 due to biased primary and secondary calibration standards which would result in delivery of incorrect L1 or L2 derived values during that time range. The erroneous calibration values have now been entered and verified as of XXXX. All derived L1 and L2 values generated prior to the annotation date for deployment 19 for the time range 2022-04-22 14:22 to 2022-11-18 11:53 should be re-requested in order to ensure utilization of correct calibration values. The updated values can be viewed at https://github.com/ooi-integration/asset-management/blob/master/calibration/FLORTK/CGINS-FLORTK-01100__20220120.csv.
Coastal Pioneer NES,Upstream Inshore Profiler Mooring,Wire-Following Profiler,3-Wavelength Fluorometer: FLORT Series K,CP02PMUI-WFP01-04-FLORTK000,CGINS-FLORTK-01101,BBFL2-1101,3,-9999999,CGINS-FLORTK-01101__20130828.csv,https://github.com/ooi-integration/asset-management/blob/master/calibration/FLORTK/CGINS-FLORTK-01101__20130828.csv,Calibration coefficients were modified,2014-10-09 18:26,2014-12-14 19:59,MODIFIED COEFFICIENT: A metadata review found that the CDOM calibration values for the sensor (CP02PMUI-WFP01-04-FLORTK000) were incorrect for all of deployment 3 due to biased primary and secondary calibration standards which would result in delivery of incorrect L1 or L2 derived values during that time range. The erroneous calibration values have now been entered and verified as of XXXX. All derived L1 and L2 values generated prior to the annotation date for deployment 3 for the time range 2014-10-09 18:26 to 2014-12-14 19:59 should be re-requested in order to ensure utilization of correct calibration values. The updated values can be viewed at https://github.com/ooi-integration/asset-management/blob/master/calibration/FLORTK/CGINS-FLORTK-01101__20130828.csv.
Coastal Pioneer NES,Central Offshore Profiler Mooring,Wire-Following Profiler,3-Wavelength Fluorometer: FLORT Series K,CP02PMCO-WFP01-04-FLORTK000,CGINS-FLORTK-01101,BBFL2-1101,3,-9999999,CGINS-FLORTK-01101__20150219.csv,https://github.com/ooi-integration/asset-management/blob/master/calibration/FLORTK/CGINS-FLORTK-01101__20150219.csv,Calibration coefficients were modified,2015-05-01 18:34,2015-10-14 12:33,MODIFIED COEFFICIENT: A metadata review found that the CDOM calibration values for the sensor (CP02PMCO-WFP01-04-FLORTK000) were incorrect for all of deployment 3 due to biased primary and secondary calibration standards which would result in delivery of incorrect L1 or L2 derived values during that time range. The erroneous calibration values have now been entered and verified as of XXXX. All derived L1 and L2 values generated prior to the annotation date for deployment 3 for the time range 2015-05-01 18:34 to 2015-10-14 12:33 should be re-requested in order to ensure utilization of correct calibration values. The updated values can be viewed at https://github.com/ooi-integration/asset-management/blob/master/calibration/FLORTK/CGINS-FLORTK-01101__20150219.csv.
Coastal Pioneer NES,Central Offshore Profiler Mooring,Wire-Following Profiler,3-Wavelength Fluorometer: FLORT Series K,CP02PMCO-WFP01-04-FLORTK000,CGINS-FLORTK-01101,BBFL2-1101,6,-9999999,CGINS-FLORTK-01101__20151230.csv,https://github.com/ooi-integration/asset-management/blob/master/calibration/FLORTK/CGINS-FLORTK-01101__20151230.csv,Calibration coefficients were modified,2016-05-20 17:43,2016-10-02 11:59,MODIFIED COEFFICIENT: A metadata review found that the CDOM calibration values for the sensor (CP02PMCO-WFP01-04-FLORTK000) were incorrect for all of deployment 6 due to biased primary and secondary calibration standards which would result in delivery of incorrect L1 or L2 derived values during that time range. The erroneous calibration values have now been entered and verified as of XXXX. All derived L1 and L2 values generated prior to the annotation date for deployment 6 for the time range 2016-05-20 17:43 to 2016-10-02 11:59 should be re-requested in order to ensure utilization of correct calibration values. The updated values can be viewed at https://github.com/ooi-integration/asset-management/blob/master/calibration/FLORTK/CGINS-FLORTK-01101__20151230.csv.
Coastal Pioneer NES,Central Offshore Profiler Mooring,Wire-Following Profiler,3-Wavelength Fluorometer: FLORT Series K,CP02PMCO-WFP01-04-FLORTK000,CGINS-FLORTK-01101,BBFL2-1101,8,-9999999,CGINS-FLORTK-01101__20161212.csv,https://github.com/ooi-integration/asset-management/blob/master/calibration/FLORTK/CGINS-FLORTK-01101__20161212.csv,Calibration coefficients were modified,2017-06-16 01:19,2017-11-06 17:04,MODIFIED COEFFICIENT: A metadata review found that the CDOM calibration values for the sensor (CP02PMCO-WFP01-04-FLORTK000) were incorrect for all of deployment 8 due to biased primary and secondary calibration standards which would result in delivery of incorrect L1 or L2 derived values during that time range. The erroneous calibration values have now been entered and verified as of XXXX. All derived L1 and L2 values generated prior to the annotation date for deployment 8 for the time range 2017-06-16 01:19 to 2017-11-06 17:04 should be re-requested in order to ensure utilization of correct calibration values. The updated values can be viewed at https://github.com/ooi-integration/asset-management/blob/master/calibration/FLORTK/CGINS-FLORTK-01101__20161212.csv.
Coastal Pioneer NES,Central Offshore Profiler Mooring,Wire-Following Profiler,3-Wavelength Fluorometer: FLORT Series K,CP02PMCO-WFP01-04-FLORTK000,CGINS-FLORTK-01101,BBFL2-1101,10,-9999999,CGINS-FLORTK-01101__20180126.csv,https://github.com/ooi-integration/asset-management/blob/master/calibration/FLORTK/CGINS-FLORTK-01101__20180126.csv,Calibration coefficients were modified,2018-04-10 17:45,2018-11-08 11:03,MODIFIED COEFFICIENT: A metadata review found that the CDOM calibration values for the sensor (CP02PMCO-WFP01-04-FLORTK000) were incorrect for all of deployment 10 due to biased primary and secondary calibration standards which would result in delivery of incorrect L1 or L2 derived values during that time range. The erroneous calibration values have now been entered and verified as of XXXX. All derived L1 and L2 values generated prior to the annotation date for deployment 10 for the time range 2018-04-10 17:45 to 2018-11-08 11:03 should be re-requested in order to ensure utilization of correct calibration values. The updated values can be viewed at https://github.com/ooi-integration/asset-management/blob/master/calibration/FLORTK/CGINS-FLORTK-01101__20180126.csv.
Coastal Pioneer NES,Central Offshore Profiler Mooring,Wire-Following Profiler,3-Wavelength Fluorometer: FLORT Series K,CP02PMCO-WFP01-04-FLORTK000,CGINS-FLORTK-01101,BBFL2-1101,12,-9999999,CGINS-FLORTK-01101__20190111.csv,https://github.com/ooi-integration/asset-management/blob/master/calibration/FLORTK/CGINS-FLORTK-01101__20190111.csv,Calibration coefficients were modified,2019-04-22 04:09,2019-10-08 12:02,MODIFIED COEFFICIENT: A metadata review found that the CDOM calibration values for the sensor (CP02PMCO-WFP01-04-FLORTK000) were incorrect for all of deployment 12 due to biased primary and secondary calibration standards which would result in delivery of incorrect L1 or L2 derived values during that time range. The erroneous calibration values have now been entered and verified as of XXXX. All derived L1 and L2 values generated prior to the annotation date for deployment 12 for the time range 2019-04-22 04:09 to 2019-10-08 12:02 should be re-requested in order to ensure utilization of correct calibration values. The updated values can be viewed at https://github.com/ooi-integration/asset-management/blob/master/calibration/FLORTK/CGINS-FLORTK-01101__20190111.csv.
Coastal Pioneer NES,Central Offshore Profiler Mooring,Wire-Following Profiler,3-Wavelength Fluorometer: FLORT Series K,CP02PMCO-WFP01-04-FLORTK000,CGINS-FLORTK-01101,BBFL2-1101,14,-9999999,CGINS-FLORTK-01101__20191210.csv,https://github.com/ooi-integration/asset-management/blob/master/calibration/FLORTK/CGINS-FLORTK-01101__20191210.csv,Calibration coefficients were modified,2020-06-10 13:53,2021-04-11 16:19,MODIFIED COEFFICIENT: A metadata review found that the CDOM calibration values for the sensor (CP02PMCO-WFP01-04-FLORTK000) were incorrect for all of deployment 14 due to biased primary and secondary calibration standards which would result in delivery of incorrect L1 or L2 derived values during that time range. The erroneous calibration values have now been entered and verified as of XXXX. All derived L1 and L2 values generated prior to the annotation date for deployment 14 for the time range 2020-06-10 13:53 to 2021-04-11 16:19 should be re-requested in order to ensure utilization of correct calibration values. The updated values can be viewed at https://github.com/ooi-integration/asset-management/blob/master/calibration/FLORTK/CGINS-FLORTK-01101__20191210.csv.
Coastal Pioneer NES,Central Offshore Profiler Mooring,Wire-Following Profiler,3-Wavelength Fluorometer: FLORT Series K,CP02PMCO-WFP01-04-FLORTK000,CGINS-FLORTK-01101,BBFL2-1101,16,-9999999,CGINS-FLORTK-01101__20210614.csv,https://github.com/ooi-integration/asset-management/blob/master/calibration/FLORTK/CGINS-FLORTK-01101__20210614.csv,Calibration coefficients were modified,2021-11-10 13:15,2022-04-23 16:15,MODIFIED COEFFICIENT: A metadata review found that the CDOM calibration values for the sensor (CP02PMCO-WFP01-04-FLORTK000) were incorrect for all of deployment 16 due to biased primary and secondary calibration standards which would result in delivery of incorrect L1 or L2 derived values during that time range. The erroneous calibration values have now been entered and verified as of XXXX. All derived L1 and L2 values generated prior to the annotation date for deployment 16 for the time range 2021-11-10 13:15 to 2022-04-23 16:15 should be re-requested in order to ensure utilization of correct calibration values. The updated values can be viewed at https://github.com/ooi-integration/asset-management/blob/master/calibration/FLORTK/CGINS-FLORTK-01101__20210614.csv.
Coastal Pioneer NES,Central Offshore Profiler Mooring,Wire-Following Profiler,3-Wavelength Fluorometer: FLORT Series K,CP02PMCO-WFP01-04-FLORTK000,CGINS-FLORTK-01117,BBFL2-1117,1,-9999999,CGINS-FLORTK-01117__20130927.csv,https://github.com/ooi-integration/asset-management/blob/master/calibration/FLORTK/CGINS-FLORTK-01117__20130927.csv,Calibration coefficients were modified,2014-04-13 17:29,2014-10-07 12:01,MODIFIED COEFFICIENT: A metadata review found that the CDOM calibration values for the sensor (CP02PMCO-WFP01-04-FLORTK000) were incorrect for all of deployment 1 due to biased primary and secondary calibration standards which would result in delivery of incorrect L1 or L2 derived values during that time range. The erroneous calibration values have now been entered and verified as of XXXX. All derived L1 and L2 values generated prior to the annotation date for deployment 1 for the time range 2014-04-13 17:29 to 2014-10-07 12:01 should be re-requested in order to ensure utilization of correct calibration values. The updated values can be viewed at https://github.com/ooi-integration/asset-management/blob/master/calibration/FLORTK/CGINS-FLORTK-01117__20130927.csv.
Coastal Pioneer NES,Central Inshore Profiler Mooring,Wire-Following Profiler,3-Wavelength Fluorometer: FLORT Series K,CP02PMCI-WFP01-04-FLORTK000,CGINS-FLORTK-01117,BBFL2-1117,4,-9999999,CGINS-FLORTK-01117__20150212.csv,https://github.com/ooi-integration/asset-management/blob/master/calibration/FLORTK/CGINS-FLORTK-01117__20150212.csv,Calibration coefficients were modified,2015-10-15 18:11,2016-05-20 19:14,MODIFIED COEFFICIENT: A metadata review found that the CDOM calibration values for the sensor (CP02PMCI-WFP01-04-FLORTK000) were incorrect for all of deployment 4 due to biased primary and secondary calibration standards which would result in delivery of incorrect L1 or L2 derived values during that time range. The erroneous calibration values have now been entered and verified as of XXXX. All derived L1 and L2 values generated prior to the annotation date for deployment 4 for the time range 2015-10-15 18:11 to 2016-05-20 19:14 should be re-requested in order to ensure utilization of correct calibration values. The updated values can be viewed at https://github.com/ooi-integration/asset-management/blob/master/calibration/FLORTK/CGINS-FLORTK-01117__20150212.csv.
Coastal Pioneer NES,Offshore Profiler Mooring,Wire-Following Profiler,3-Wavelength Fluorometer: FLORT Series K,CP04OSPM-WFP01-04-FLORTK000,CGINS-FLORTK-01117,BBFL2-1117,6,-9999999,CGINS-FLORTK-01117__20160712.csv,https://github.com/ooi-integration/asset-management/blob/master/calibration/FLORTK/CGINS-FLORTK-01117__20160712.csv,Calibration coefficients were modified,2016-10-01 14:19,2017-06-01 23:22,MODIFIED COEFFICIENT: A metadata review found that the CDOM calibration values for the sensor (CP04OSPM-WFP01-04-FLORTK000) were incorrect for all of deployment 6 due to biased primary and secondary calibration standards which would result in delivery of incorrect L1 or L2 derived values during that time range. The erroneous calibration values have now been entered and verified as of XXXX. All derived L1 and L2 values generated prior to the annotation date for deployment 6 for the time range 2016-10-01 14:19 to 2017-06-01 23:22 should be re-requested in order to ensure utilization of correct calibration values. The updated values can be viewed at https://github.com/ooi-integration/asset-management/blob/master/calibration/FLORTK/CGINS-FLORTK-01117__20160712.csv.
Coastal Pioneer NES,Upstream Offshore Profiler Mooring,Wire-Following Profiler,3-Wavelength Fluorometer: FLORT Series K,CP02PMUO-WFP01-04-FLORTK000,CGINS-FLORTK-01117,BBFL2-1117,10,-9999999,CGINS-FLORTK-01117__20170725.csv,https://github.com/ooi-integration/asset-management/blob/master/calibration/FLORTK/CGINS-FLORTK-01117__20170725.csv,Calibration coefficients were modified,2017-11-11 20:42,2018-04-10 10:15,MODIFIED COEFFICIENT: A metadata review found that the CDOM calibration values for the sensor (CP02PMUO-WFP01-04-FLORTK000) were incorrect for all of deployment 10 due to biased primary and secondary calibration standards which would result in delivery of incorrect L1 or L2 derived values during that time range. The erroneous calibration values have now been entered and verified as of XXXX. All derived L1 and L2 values generated prior to the annotation date for deployment 10 for the time range 2017-11-11 20:42 to 2018-04-10 10:15 should be re-requested in order to ensure utilization of correct calibration values. The updated values can be viewed at https://github.com/ooi-integration/asset-management/blob/master/calibration/FLORTK/CGINS-FLORTK-01117__20170725.csv.
Coastal Pioneer NES,Upstream Offshore Profiler Mooring,Wire-Following Profiler,3-Wavelength Fluorometer: FLORT Series K,CP02PMUO-WFP01-04-FLORTK000,CGINS-FLORTK-01117,BBFL2-1117,12,-9999999,CGINS-FLORTK-01117__20180628.csv,https://github.com/ooi-integration/asset-management/blob/master/calibration/FLORTK/CGINS-FLORTK-01117__20180628.csv,Calibration coefficients were modified,2018-11-07 21:08,2019-04-22 20:34,MODIFIED COEFFICIENT: A metadata review found that the CDOM calibration values for the sensor (CP02PMUO-WFP01-04-FLORTK000) were incorrect for all of deployment 12 due to biased primary and secondary calibration standards which would result in delivery of incorrect L1 or L2 derived values during that time range. The erroneous calibration values have now been entered and verified as of XXXX. All derived L1 and L2 values generated prior to the annotation date for deployment 12 for the time range 2018-11-07 21:08 to 2019-04-22 20:34 should be re-requested in order to ensure utilization of correct calibration values. The updated values can be viewed at https://github.com/ooi-integration/asset-management/blob/master/calibration/FLORTK/CGINS-FLORTK-01117__20180628.csv.
Coastal Pioneer NES,Upstream Offshore Profiler Mooring,Wire-Following Profiler,3-Wavelength Fluorometer: FLORT Series K,CP02PMUO-WFP01-04-FLORTK000,CGINS-FLORTK-01117,BBFL2-1117,14,-9999999,CGINS-FLORTK-01117__20190625.csv,https://github.com/ooi-integration/asset-management/blob/master/calibration/FLORTK/CGINS-FLORTK-01117__20190625.csv,Calibration coefficients were modified,2019-10-14 18:09,2020-06-09 16:09,MODIFIED COEFFICIENT: A metadata review found that the CDOM calibration values for the sensor (CP02PMUO-WFP01-04-FLORTK000) were incorrect for all of deployment 14 due to biased primary and secondary calibration standards which would result in delivery of incorrect L1 or L2 derived values during that time range. The erroneous calibration values have now been entered and verified as of XXXX. All derived L1 and L2 values generated prior to the annotation date for deployment 14 for the time range 2019-10-14 18:09 to 2020-06-09 16:09 should be re-requested in order to ensure utilization of correct calibration values. The updated values can be viewed at https://github.com/ooi-integration/asset-management/blob/master/calibration/FLORTK/CGINS-FLORTK-01117__20190625.csv.
Coastal Pioneer NES,Upstream Offshore Profiler Mooring,Wire-Following Profiler,3-Wavelength Fluorometer: FLORT Series K,CP02PMUO-WFP01-04-FLORTK000,CGINS-FLORTK-01117,BBFL2-1117,16,-9999999,CGINS-FLORTK-01117__20200728.csv,https://github.com/ooi-integration/asset-management/blob/master/calibration/FLORTK/CGINS-FLORTK-01117__20200728.csv,Calibration coefficients were modified,2020-11-05 15:23,2021-04-10 16:01,MODIFIED COEFFICIENT: A metadata review found that the CDOM calibration values for the sensor (CP02PMUO-WFP01-04-FLORTK000) were incorrect for all of deployment 16 due to biased primary and secondary calibration standards which would result in delivery of incorrect L1 or L2 derived values during that time range. The erroneous calibration values have now been entered and verified as of XXXX. All derived L1 and L2 values generated prior to the annotation date for deployment 16 for the time range 2020-11-05 15:23 to 2021-04-10 16:01 should be re-requested in order to ensure utilization of correct calibration values. The updated values can be viewed at https://github.com/ooi-integration/asset-management/blob/master/calibration/FLORTK/CGINS-FLORTK-01117__20200728.csv.
Coastal Pioneer NES,Upstream Offshore Profiler Mooring,Wire-Following Profiler,3-Wavelength Fluorometer: FLORT Series K,CP02PMUO-WFP01-04-FLORTK000,CGINS-FLORTK-01117,BBFL2-1117,18,-9999999,CGINS-FLORTK-01117__20210622.csv,https://github.com/ooi-integration/asset-management/blob/master/calibration/FLORTK/CGINS-FLORTK-01117__20210622.csv,Calibration coefficients were modified,2021-11-09 20:23,2022-04-22 16:02,MODIFIED COEFFICIENT: A metadata review found that the CDOM calibration values for the sensor (CP02PMUO-WFP01-04-FLORTK000) were incorrect for all of deployment 18 due to biased primary and secondary calibration standards which would result in delivery of incorrect L1 or L2 derived values during that time range. The erroneous calibration values have now been entered and verified as of XXXX. All derived L1 and L2 values generated prior to the annotation date for deployment 18 for the time range 2021-11-09 20:23 to 2022-04-22 16:02 should be re-requested in order to ensure utilization of correct calibration values. The updated values can be viewed at https://github.com/ooi-integration/asset-management/blob/master/calibration/FLORTK/CGINS-FLORTK-01117__20210622.csv.
Coastal Pioneer MAB,Northeastern Profiler Mooring,Wire-Following Profiler,3-Wavelength Fluorometer: FLORT Series K,CP14NEPM-WFP01-04-FLORTK000,CGINS-FLORTK-01117,BBFL2-1117,2,-9999999,CGINS-FLORTK-01117__20220713.csv,https://github.com/ooi-integration/asset-management/blob/master/calibration/FLORTK/CGINS-FLORTK-01117__20220713.csv,Calibration coefficients were modified,2025-04-17 13:40,2025-06-11 18:28,MODIFIED COEFFICIENT: A metadata review found that the CDOM calibration values for the sensor (CP14NEPM-WFP01-04-FLORTK000) were incorrect for all of deployment 2 due to biased primary and secondary calibration standards which would result in delivery of incorrect L1 or L2 derived values during that time range. The erroneous calibration values have now been entered and verified as of XXXX. All derived L1 and L2 values generated prior to the annotation date for deployment 2 for the time range 2025-04-17 13:40 to 2025-06-11 18:28 should be re-requested in order to ensure utilization of correct calibration values. The updated values can be viewed at https://github.com/ooi-integration/asset-management/blob/master/calibration/FLORTK/CGINS-FLORTK-01117__20220713.csv.
Coastal Pioneer NES,Offshore Profiler Mooring,Wire-Following Profiler,3-Wavelength Fluorometer: FLORT Series K,CP04OSPM-WFP01-04-FLORTK000,CGINS-FLORTK-01118,BBFL2-1118,1,-9999999,CGINS-FLORTK-01118__20130927.csv,https://github.com/ooi-integration/asset-management/blob/master/calibration/FLORTK/CGINS-FLORTK-01118__20130927.csv,Calibration coefficients were modified,2014-04-15 18:48,2014-10-04 12:30,MODIFIED COEFFICIENT: A metadata review found that the CDOM calibration values for the sensor (CP04OSPM-WFP01-04-FLORTK000) were incorrect for all of deployment 1 due to biased primary and secondary calibration standards which would result in delivery of incorrect L1 or L2 derived values during that time range. The erroneous calibration values have now been entered and verified as of XXXX. All derived L1 and L2 values generated prior to the annotation date for deployment 1 for the time range 2014-04-15 18:48 to 2014-10-04 12:30 should be re-requested in order to ensure utilization of correct calibration values. The updated values can be viewed at https://github.com/ooi-integration/asset-management/blob/master/calibration/FLORTK/CGINS-FLORTK-01118__20130927.csv.
Coastal Pioneer NES,Offshore Profiler Mooring,Wire-Following Profiler,3-Wavelength Fluorometer: FLORT Series K,CP04OSPM-WFP01-04-FLORTK000,CGINS-FLORTK-01118,BBFL2-1118,3,-9999999,CGINS-FLORTK-01118__20150223.csv,https://github.com/ooi-integration/asset-management/blob/master/calibration/FLORTK/CGINS-FLORTK-01118__20150223.csv,Calibration coefficients were modified,2015-04-29 20:15,2015-10-12 12:44,MODIFIED COEFFICIENT: A metadata review found that the CDOM calibration values for the sensor (CP04OSPM-WFP01-04-FLORTK000) were incorrect for all of deployment 3 due to biased primary and secondary calibration standards which would result in delivery of incorrect L1 or L2 derived values during that time range. The erroneous calibration values have now been entered and verified as of XXXX. All derived L1 and L2 values generated prior to the annotation date for deployment 3 for the time range 2015-04-29 20:15 to 2015-10-12 12:44 should be re-requested in order to ensure utilization of correct calibration values. The updated values can be viewed at https://github.com/ooi-integration/asset-management/blob/master/calibration/FLORTK/CGINS-FLORTK-01118__20150223.csv.
Coastal Pioneer NES,Offshore Profiler Mooring,Wire-Following Profiler,3-Wavelength Fluorometer: FLORT Series K,CP04OSPM-WFP01-04-FLORTK000,CGINS-FLORTK-01118,BBFL2-1118,5,-9999999,CGINS-FLORTK-01118__20151229.csv,https://github.com/ooi-integration/asset-management/blob/master/calibration/FLORTK/CGINS-FLORTK-01118__20151229.csv,Calibration coefficients were modified,2016-05-19 22:35,2016-09-28 13:25,MODIFIED COEFFICIENT: A metadata review found that the CDOM calibration values for the sensor (CP04OSPM-WFP01-04-FLORTK000) were incorrect for all of deployment 5 due to biased primary and secondary calibration standards which would result in delivery of incorrect L1 or L2 derived values during that time range. The erroneous calibration values have now been entered and verified as of XXXX. All derived L1 and L2 values generated prior to the annotation date for deployment 5 for the time range 2016-05-19 22:35 to 2016-09-28 13:25 should be re-requested in order to ensure utilization of correct calibration values. The updated values can be viewed at https://github.com/ooi-integration/asset-management/blob/master/calibration/FLORTK/CGINS-FLORTK-01118__20151229.csv.
Coastal Pioneer NES,Offshore Profiler Mooring,Wire-Following Profiler,3-Wavelength Fluorometer: FLORT Series K,CP04OSPM-WFP01-04-FLORTK000,CGINS-FLORTK-01118,BBFL2-1118,7,-9999999,CGINS-FLORTK-01118__20161212.csv,https://github.com/ooi-integration/asset-management/blob/master/calibration/FLORTK/CGINS-FLORTK-01118__20161212.csv,Calibration coefficients were modified,2017-06-06 21:44,2017-11-09 23:29,MODIFIED COEFFICIENT: A metadata review found that the CDOM calibration values for the sensor (CP04OSPM-WFP01-04-FLORTK000) were incorrect for all of deployment 7 due to biased primary and secondary calibration standards which would result in delivery of incorrect L1 or L2 derived values during that time range. The erroneous calibration values have now been entered and verified as of XXXX. All derived L1 and L2 values generated prior to the annotation date for deployment 7 for the time range 2017-06-06 21:44 to 2017-11-09 23:29 should be re-requested in order to ensure utilization of correct calibration values. The updated values can be viewed at https://github.com/ooi-integration/asset-management/blob/master/calibration/FLORTK/CGINS-FLORTK-01118__20161212.csv.
Coastal Pioneer NES,Offshore Profiler Mooring,Wire-Following Profiler,3-Wavelength Fluorometer: FLORT Series K,CP04OSPM-WFP01-04-FLORTK000,CGINS-FLORTK-01118,BBFL2-1118,9,-9999999,CGINS-FLORTK-01118__20180125.csv,https://github.com/ooi-integration/asset-management/blob/master/calibration/FLORTK/CGINS-FLORTK-01118__20180125.csv,Calibration coefficients were modified,2018-04-09 14:09,2018-11-08 16:43,MODIFIED COEFFICIENT: A metadata review found that the CDOM calibration values for the sensor (CP04OSPM-WFP01-04-FLORTK000) were incorrect for all of deployment 9 due to biased primary and secondary calibration standards which would result in delivery of incorrect L1 or L2 derived values during that time range. The erroneous calibration values have now been entered and verified as of XXXX. All derived L1 and L2 values generated prior to the annotation date for deployment 9 for the time range 2018-04-09 14:09 to 2018-11-08 16:43 should be re-requested in order to ensure utilization of correct calibration values. The updated values can be viewed at https://github.com/ooi-integration/asset-management/blob/master/calibration/FLORTK/CGINS-FLORTK-01118__20180125.csv.
Coastal Pioneer NES,Offshore Profiler Mooring,Wire-Following Profiler,3-Wavelength Fluorometer: FLORT Series K,CP04OSPM-WFP01-04-FLORTK000,CGINS-FLORTK-01118,BBFL2-1118,11,-9999999,CGINS-FLORTK-01118__20190111.csv,https://github.com/ooi-integration/asset-management/blob/master/calibration/FLORTK/CGINS-FLORTK-01118__20190111.csv,Calibration coefficients were modified,2019-04-22 14:13,2019-10-13 16:00,MODIFIED COEFFICIENT: A metadata review found that the CDOM calibration values for the sensor (CP04OSPM-WFP01-04-FLORTK000) were incorrect for all of deployment 11 due to biased primary and secondary calibration standards which would result in delivery of incorrect L1 or L2 derived values during that time range. The erroneous calibration values have now been entered and verified as of XXXX. All derived L1 and L2 values generated prior to the annotation date for deployment 11 for the time range 2019-04-22 14:13 to 2019-10-13 16:00 should be re-requested in order to ensure utilization of correct calibration values. The updated values can be viewed at https://github.com/ooi-integration/asset-management/blob/master/calibration/FLORTK/CGINS-FLORTK-01118__20190111.csv.
Coastal Pioneer NES,Offshore Profiler Mooring,Wire-Following Profiler,3-Wavelength Fluorometer: FLORT Series K,CP04OSPM-WFP01-04-FLORTK000,CGINS-FLORTK-01118,BBFL2-1118,13,-9999999,CGINS-FLORTK-01118__20191210.csv,https://github.com/ooi-integration/asset-management/blob/master/calibration/FLORTK/CGINS-FLORTK-01118__20191210.csv,Calibration coefficients were modified,2020-06-08 13:50,2021-04-09 16:05,MODIFIED COEFFICIENT: A metadata review found that the CDOM calibration values for the sensor (CP04OSPM-WFP01-04-FLORTK000) were incorrect for all of deployment 13 due to biased primary and secondary calibration standards which would result in delivery of incorrect L1 or L2 derived values during that time range. The erroneous calibration values have now been entered and verified as of XXXX. All derived L1 and L2 values generated prior to the annotation date for deployment 13 for the time range 2020-06-08 13:50 to 2021-04-09 16:05 should be re-requested in order to ensure utilization of correct calibration values. The updated values can be viewed at https://github.com/ooi-integration/asset-management/blob/master/calibration/FLORTK/CGINS-FLORTK-01118__20191210.csv.
Coastal Pioneer NES,Offshore Profiler Mooring,Wire-Following Profiler,3-Wavelength Fluorometer: FLORT Series K,CP04OSPM-WFP01-04-FLORTK000,CGINS-FLORTK-01118,BBFL2-1118,15,-9999999,CGINS-FLORTK-01118__20210615.csv,https://github.com/ooi-integration/asset-management/blob/master/calibration/FLORTK/CGINS-FLORTK-01118__20210615.csv,Calibration coefficients were modified,2021-11-09 14:59,2022-04-21 16:42,MODIFIED COEFFICIENT: A metadata review found that the CDOM calibration values for the sensor (CP04OSPM-WFP01-04-FLORTK000) were incorrect for all of deployment 15 due to biased primary and secondary calibration standards which would result in delivery of incorrect L1 or L2 derived values during that time range. The erroneous calibration values have now been entered and verified as of XXXX. All derived L1 and L2 values generated prior to the annotation date for deployment 15 for the time range 2021-11-09 14:59 to 2022-04-21 16:42 should be re-requested in order to ensure utilization of correct calibration values. The updated values can be viewed at https://github.com/ooi-integration/asset-management/blob/master/calibration/FLORTK/CGINS-FLORTK-01118__20210615.csv.
Coastal Pioneer NES,Central Inshore Profiler Mooring,Wire-Following Profiler,3-Wavelength Fluorometer: FLORT Series K,CP02PMCI-WFP01-04-FLORTK000,CGINS-FLORTK-01119,BBFL2-1119,1,-9999999,CGINS-FLORTK-01119__20130927.csv,https://github.com/ooi-integration/asset-management/blob/master/calibration/FLORTK/CGINS-FLORTK-01119__20130927.csv,Calibration coefficients were modified,2014-04-16 23:28,2014-10-10 12:02,MODIFIED COEFFICIENT: A metadata review found that the CDOM calibration values for the sensor (CP02PMCI-WFP01-04-FLORTK000) were incorrect for all of deployment 1 due to biased primary and secondary calibration standards which would result in delivery of incorrect L1 or L2 derived values during that time range. The erroneous calibration values have now been entered and verified as of XXXX. All derived L1 and L2 values generated prior to the annotation date for deployment 1 for the time range 2014-04-16 23:28 to 2014-10-10 12:02 should be re-requested in order to ensure utilization of correct calibration values. The updated values can be viewed at https://github.com/ooi-integration/asset-management/blob/master/calibration/FLORTK/CGINS-FLORTK-01119__20130927.csv.
Coastal Pioneer NES,Central Inshore Profiler Mooring,Wire-Following Profiler,3-Wavelength Fluorometer: FLORT Series K,CP02PMCI-WFP01-04-FLORTK000,CGINS-FLORTK-01119,BBFL2-1119,3,-9999999,CGINS-FLORTK-01119__20150212.csv,https://github.com/ooi-integration/asset-management/blob/master/calibration/FLORTK/CGINS-FLORTK-01119__20150212.csv,Calibration coefficients were modified,2015-05-01 02:58,2015-10-15 12:03,MODIFIED COEFFICIENT: A metadata review found that the CDOM calibration values for the sensor (CP02PMCI-WFP01-04-FLORTK000) were incorrect for all of deployment 3 due to biased primary and secondary calibration standards which would result in delivery of incorrect L1 or L2 derived values during that time range. The erroneous calibration values have now been entered and verified as of XXXX. All derived L1 and L2 values generated prior to the annotation date for deployment 3 for the time range 2015-05-01 02:58 to 2015-10-15 12:03 should be re-requested in order to ensure utilization of correct calibration values. The updated values can be viewed at https://github.com/ooi-integration/asset-management/blob/master/calibration/FLORTK/CGINS-FLORTK-01119__20150212.csv.
Coastal Pioneer NES,Upstream Inshore Profiler Mooring,Wire-Following Profiler,3-Wavelength Fluorometer: FLORT Series K,CP02PMUI-WFP01-04-FLORTK000,CGINS-FLORTK-01119,BBFL2-1119,7,-9999999,CGINS-FLORTK-01119__20151230.csv,https://github.com/ooi-integration/asset-management/blob/master/calibration/FLORTK/CGINS-FLORTK-01119__20151230.csv,Calibration coefficients were modified,2016-05-21 16:52,2016-10-04 14:49,MODIFIED COEFFICIENT: A metadata review found that the CDOM calibration values for the sensor (CP02PMUI-WFP01-04-FLORTK000) were incorrect for all of deployment 7 due to biased primary and secondary calibration standards which would result in delivery of incorrect L1 or L2 derived values during that time range. The erroneous calibration values have now been entered and verified as of XXXX. All derived L1 and L2 values generated prior to the annotation date for deployment 7 for the time range 2016-05-21 16:52 to 2016-10-04 14:49 should be re-requested in order to ensure utilization of correct calibration values. The updated values can be viewed at https://github.com/ooi-integration/asset-management/blob/master/calibration/FLORTK/CGINS-FLORTK-01119__20151230.csv.
Coastal Pioneer NES,Central Inshore Profiler Mooring,Wire-Following Profiler,3-Wavelength Fluorometer: FLORT Series K,CP02PMCI-WFP01-04-FLORTK000,CGINS-FLORTK-01119,BBFL2-1119,8,-9999999,CGINS-FLORTK-01119__20161212.csv,https://github.com/ooi-integration/asset-management/blob/master/calibration/FLORTK/CGINS-FLORTK-01119__20161212.csv,Calibration coefficients were modified,2017-06-16 19:55,2017-11-07 12:57,MODIFIED COEFFICIENT: A metadata review found that the CDOM calibration values for the sensor (CP02PMCI-WFP01-04-FLORTK000) were incorrect for all of deployment 8 due to biased primary and secondary calibration standards which would result in delivery of incorrect L1 or L2 derived values during that time range. The erroneous calibration values have now been entered and verified as of XXXX. All derived L1 and L2 values generated prior to the annotation date for deployment 8 for the time range 2017-06-16 19:55 to 2017-11-07 12:57 should be re-requested in order to ensure utilization of correct calibration values. The updated values can be viewed at https://github.com/ooi-integration/asset-management/blob/master/calibration/FLORTK/CGINS-FLORTK-01119__20161212.csv.
Coastal Pioneer NES,Central Inshore Profiler Mooring,Wire-Following Profiler,3-Wavelength Fluorometer: FLORT Series K,CP02PMCI-WFP01-04-FLORTK000,CGINS-FLORTK-01119,BBFL2-1119,10,-9999999,CGINS-FLORTK-01119__20180126.csv,https://github.com/ooi-integration/asset-management/blob/master/calibration/FLORTK/CGINS-FLORTK-01119__20180126.csv,Calibration coefficients were modified,2018-04-11 11:58,2018-11-05 16:53,MODIFIED COEFFICIENT: A metadata review found that the CDOM calibration values for the sensor (CP02PMCI-WFP01-04-FLORTK000) were incorrect for all of deployment 10 due to biased primary and secondary calibration standards which would result in delivery of incorrect L1 or L2 derived values during that time range. The erroneous calibration values have now been entered and verified as of XXXX. All derived L1 and L2 values generated prior to the annotation date for deployment 10 for the time range 2018-04-11 11:58 to 2018-11-05 16:53 should be re-requested in order to ensure utilization of correct calibration values. The updated values can be viewed at https://github.com/ooi-integration/asset-management/blob/master/calibration/FLORTK/CGINS-FLORTK-01119__20180126.csv.
Coastal Pioneer NES,Central Inshore Profiler Mooring,Wire-Following Profiler,3-Wavelength Fluorometer: FLORT Series K,CP02PMCI-WFP01-04-FLORTK000,CGINS-FLORTK-01119,BBFL2-1119,12,-9999999,CGINS-FLORTK-01119__20190111.csv,https://github.com/ooi-integration/asset-management/blob/master/calibration/FLORTK/CGINS-FLORTK-01119__20190111.csv,Calibration coefficients were modified,2019-04-17 02:25,2019-10-07 20:03,MODIFIED COEFFICIENT: A metadata review found that the CDOM calibration values for the sensor (CP02PMCI-WFP01-04-FLORTK000) were incorrect for all of deployment 12 due to biased primary and secondary calibration standards which would result in delivery of incorrect L1 or L2 derived values during that time range. The erroneous calibration values have now been entered and verified as of XXXX. All derived L1 and L2 values generated prior to the annotation date for deployment 12 for the time range 2019-04-17 02:25 to 2019-10-07 20:03 should be re-requested in order to ensure utilization of correct calibration values. The updated values can be viewed at https://github.com/ooi-integration/asset-management/blob/master/calibration/FLORTK/CGINS-FLORTK-01119__20190111.csv.
Coastal Pioneer NES,Central Inshore Profiler Mooring,Wire-Following Profiler,3-Wavelength Fluorometer: FLORT Series K,CP02PMCI-WFP01-04-FLORTK000,CGINS-FLORTK-01119,BBFL2-1119,14,-9999999,CGINS-FLORTK-01119__20191210.csv,https://github.com/ooi-integration/asset-management/blob/master/calibration/FLORTK/CGINS-FLORTK-01119__20191210.csv,Calibration coefficients were modified,2020-06-12 13:40,2021-04-14 12:04,MODIFIED COEFFICIENT: A metadata review found that the CDOM calibration values for the sensor (CP02PMCI-WFP01-04-FLORTK000) were incorrect for all of deployment 14 due to biased primary and secondary calibration standards which would result in delivery of incorrect L1 or L2 derived values during that time range. The erroneous calibration values have now been entered and verified as of XXXX. All derived L1 and L2 values generated prior to the annotation date for deployment 14 for the time range 2020-06-12 13:40 to 2021-04-14 12:04 should be re-requested in order to ensure utilization of correct calibration values. The updated values can be viewed at https://github.com/ooi-integration/asset-management/blob/master/calibration/FLORTK/CGINS-FLORTK-01119__20191210.csv.
Coastal Pioneer NES,Central Inshore Profiler Mooring,Wire-Following Profiler,3-Wavelength Fluorometer: FLORT Series K,CP02PMCI-WFP01-04-FLORTK000,CGINS-FLORTK-01119,BBFL2-1119,16,-9999999,CGINS-FLORTK-01119__20210615.csv,https://github.com/ooi-integration/asset-management/blob/master/calibration/FLORTK/CGINS-FLORTK-01119__20210615.csv,Calibration coefficients were modified,2022-04-24 13:43,2022-11-18 19:25,MODIFIED COEFFICIENT: A metadata review found that the CDOM calibration values for the sensor (CP02PMCI-WFP01-04-FLORTK000) were incorrect for all of deployment 16 due to biased primary and secondary calibration standards which would result in delivery of incorrect L1 or L2 derived values during that time range. The erroneous calibration values have now been entered and verified as of XXXX. All derived L1 and L2 values generated prior to the annotation date for deployment 16 for the time range 2022-04-24 13:43 to 2022-11-18 19:25 should be re-requested in order to ensure utilization of correct calibration values. The updated values can be viewed at https://github.com/ooi-integration/asset-management/blob/master/calibration/FLORTK/CGINS-FLORTK-01119__20210615.csv.
Coastal Pioneer NES,Upstream Offshore Profiler Mooring,Wire-Following Profiler,3-Wavelength Fluorometer: FLORT Series K,CP02PMUO-WFP01-04-FLORTK000,CGINS-FLORTK-01466,BBFL2-1466,8,-9999999,CGINS-FLORTK-01466__20160627.csv,https://github.com/ooi-integration/asset-management/blob/master/calibration/FLORTK/CGINS-FLORTK-01466__20160627.csv,Calibration coefficients were modified,2016-10-02 00:26,2017-06-07 12:08,MODIFIED COEFFICIENT: A metadata review found that the CDOM calibration values for the sensor (CP02PMUO-WFP01-04-FLORTK000) were incorrect for all of deployment 8 due to biased primary and secondary calibration standards which would result in delivery of incorrect L1 or L2 derived values during that time range. The erroneous calibration values have now been entered and verified as of XXXX. All derived L1 and L2 values generated prior to the annotation date for deployment 8 for the time range 2016-10-02 00:26 to 2017-06-07 12:08 should be re-requested in order to ensure utilization of correct calibration values. The updated values can be viewed at https://github.com/ooi-integration/asset-management/blob/master/calibration/FLORTK/CGINS-FLORTK-01466__20160627.csv.
Coastal Pioneer NES,Offshore Profiler Mooring,Wire-Following Profiler,3-Wavelength Fluorometer: FLORT Series K,CP04OSPM-WFP01-04-FLORTK000,CGINS-FLORTK-01466,BBFL2-1466,8,-9999999,CGINS-FLORTK-01466__20170725.csv,https://github.com/ooi-integration/asset-management/blob/master/calibration/FLORTK/CGINS-FLORTK-01466__20170725.csv,Calibration coefficients were modified,2017-11-09 22:08,2018-04-09 16:25,MODIFIED COEFFICIENT: A metadata review found that the CDOM calibration values for the sensor (CP04OSPM-WFP01-04-FLORTK000) were incorrect for all of deployment 8 due to biased primary and secondary calibration standards which would result in delivery of incorrect L1 or L2 derived values during that time range. The erroneous calibration values have now been entered and verified as of XXXX. All derived L1 and L2 values generated prior to the annotation date for deployment 8 for the time range 2017-11-09 22:08 to 2018-04-09 16:25 should be re-requested in order to ensure utilization of correct calibration values. The updated values can be viewed at https://github.com/ooi-integration/asset-management/blob/master/calibration/FLORTK/CGINS-FLORTK-01466__20170725.csv.
Coastal Pioneer NES,Offshore Profiler Mooring,Wire-Following Profiler,3-Wavelength Fluorometer: FLORT Series K,CP04OSPM-WFP01-04-FLORTK000,CGINS-FLORTK-01466,BBFL2-1466,10,-9999999,CGINS-FLORTK-01466__20180628.csv,https://github.com/ooi-integration/asset-management/blob/master/calibration/FLORTK/CGINS-FLORTK-01466__20180628.csv,Calibration coefficients were modified,2018-11-06 14:36,2019-04-22 16:13,MODIFIED COEFFICIENT: A metadata review found that the CDOM calibration values for the sensor (CP04OSPM-WFP01-04-FLORTK000) were incorrect for all of deployment 10 due to biased primary and secondary calibration standards which would result in delivery of incorrect L1 or L2 derived values during that time range. The erroneous calibration values have now been entered and verified as of XXXX. All derived L1 and L2 values generated prior to the annotation date for deployment 10 for the time range 2018-11-06 14:36 to 2019-04-22 16:13 should be re-requested in order to ensure utilization of correct calibration values. The updated values can be viewed at https://github.com/ooi-integration/asset-management/blob/master/calibration/FLORTK/CGINS-FLORTK-01466__20180628.csv.
Coastal Pioneer NES,Offshore Profiler Mooring,Wire-Following Profiler,3-Wavelength Fluorometer: FLORT Series K,CP04OSPM-WFP01-04-FLORTK000,CGINS-FLORTK-01466,BBFL2-1466,12,-9999999,CGINS-FLORTK-01466__20190617.csv,https://github.com/ooi-integration/asset-management/blob/master/calibration/FLORTK/CGINS-FLORTK-01466__20190617.csv,Calibration coefficients were modified,2019-10-13 13:42,2020-06-08 16:19,MODIFIED COEFFICIENT: A metadata review found that the CDOM calibration values for the sensor (CP04OSPM-WFP01-04-FLORTK000) were incorrect for all of deployment 12 due to biased primary and secondary calibration standards which would result in delivery of incorrect L1 or L2 derived values during that time range. The erroneous calibration values have now been entered and verified as of XXXX. All derived L1 and L2 values generated prior to the annotation date for deployment 12 for the time range 2019-10-13 13:42 to 2020-06-08 16:19 should be re-requested in order to ensure utilization of correct calibration values. The updated values can be viewed at https://github.com/ooi-integration/asset-management/blob/master/calibration/FLORTK/CGINS-FLORTK-01466__20190617.csv.
Coastal Pioneer NES,Offshore Profiler Mooring,Wire-Following Profiler,3-Wavelength Fluorometer: FLORT Series K,CP04OSPM-WFP01-04-FLORTK000,CGINS-FLORTK-01466,BBFL2-1466,14,-9999999,CGINS-FLORTK-01466__20200715.csv,https://github.com/ooi-integration/asset-management/blob/master/calibration/FLORTK/CGINS-FLORTK-01466__20200715.csv,Calibration coefficients were modified,2021-04-09 14:05,2021-11-13 17:06,MODIFIED COEFFICIENT: A metadata review found that the CDOM calibration values for the sensor (CP04OSPM-WFP01-04-FLORTK000) were incorrect for all of deployment 14 due to biased primary and secondary calibration standards which would result in delivery of incorrect L1 or L2 derived values during that time range. The erroneous calibration values have now been entered and verified as of XXXX. All derived L1 and L2 values generated prior to the annotation date for deployment 14 for the time range 2021-04-09 14:05 to 2021-11-13 17:06 should be re-requested in order to ensure utilization of correct calibration values. The updated values can be viewed at https://github.com/ooi-integration/asset-management/blob/master/calibration/FLORTK/CGINS-FLORTK-01466__20200715.csv.
Coastal Pioneer NES,Offshore Profiler Mooring,Wire-Following Profiler,3-Wavelength Fluorometer: FLORT Series K,CP04OSPM-WFP01-04-FLORTK000,CGINS-FLORTK-01466,BBFL2-1466,16,-9999999,CGINS-FLORTK-01466__20220120.csv,https://github.com/ooi-integration/asset-management/blob/master/calibration/FLORTK/CGINS-FLORTK-01466__20220120.csv,Calibration coefficients were modified,2022-04-21 14:28,2022-11-11 18:55,MODIFIED COEFFICIENT: A metadata review found that the CDOM calibration values for the sensor (CP04OSPM-WFP01-04-FLORTK000) were incorrect for all of deployment 16 due to biased primary and secondary calibration standards which would result in delivery of incorrect L1 or L2 derived values during that time range. The erroneous calibration values have now been entered and verified as of XXXX. All derived L1 and L2 values generated prior to the annotation date for deployment 16 for the time range 2022-04-21 14:28 to 2022-11-11 18:55 should be re-requested in order to ensure utilization of correct calibration values. The updated values can be viewed at https://github.com/ooi-integration/asset-management/blob/master/calibration/FLORTK/CGINS-FLORTK-01466__20220120.csv.
Coastal Pioneer NES,Inshore Profiler Mooring,Wire-Following Profiler,3-Wavelength Fluorometer: FLORT Series K,CP03ISPM-WFP01-04-FLORTK000,CGINS-FLORTK-01537,BBFL2-1537,1,-9999999,CGINS-FLORTK-01537__20170125.csv,https://github.com/ooi-integration/asset-management/blob/master/calibration/FLORTK/CGINS-FLORTK-01537__20170125.csv,Calibration coefficients were modified,2017-11-12 03:26,2018-04-11 19:06,MODIFIED COEFFICIENT: A metadata review found that the CDOM calibration values for the sensor (CP03ISPM-WFP01-04-FLORTK000) were incorrect for all of deployment 1 due to biased primary and secondary calibration standards which would result in delivery of incorrect L1 or L2 derived values during that time range. The erroneous calibration values have now been entered and verified as of XXXX. All derived L1 and L2 values generated prior to the annotation date for deployment 1 for the time range 2017-11-12 03:26 to 2018-04-11 19:06 should be re-requested in order to ensure utilization of correct calibration values. The updated values can be viewed at https://github.com/ooi-integration/asset-management/blob/master/calibration/FLORTK/CGINS-FLORTK-01537__20170125.csv.
Coastal Pioneer NES,Inshore Profiler Mooring,Wire-Following Profiler,3-Wavelength Fluorometer: FLORT Series K,CP03ISPM-WFP01-04-FLORTK000,CGINS-FLORTK-01537,BBFL2-1537,2,-9999999,CGINS-FLORTK-01537__20180628.csv,https://github.com/ooi-integration/asset-management/blob/master/calibration/FLORTK/CGINS-FLORTK-01537__20180628.csv,Calibration coefficients were modified,2018-10-23 02:55,2019-04-17 11:39,MODIFIED COEFFICIENT: A metadata review found that the CDOM calibration values for the sensor (CP03ISPM-WFP01-04-FLORTK000) were incorrect for all of deployment 2 due to biased primary and secondary calibration standards which would result in delivery of incorrect L1 or L2 derived values during that time range. The erroneous calibration values have now been entered and verified as of XXXX. All derived L1 and L2 values generated prior to the annotation date for deployment 2 for the time range 2018-10-23 02:55 to 2019-04-17 11:39 should be re-requested in order to ensure utilization of correct calibration values. The updated values can be viewed at https://github.com/ooi-integration/asset-management/blob/master/calibration/FLORTK/CGINS-FLORTK-01537__20180628.csv.
Coastal Pioneer NES,Inshore Profiler Mooring,Wire-Following Profiler,3-Wavelength Fluorometer: FLORT Series K,CP03ISPM-WFP01-04-FLORTK000,CGINS-FLORTK-01537,BBFL2-1537,3,-9999999,CGINS-FLORTK-01537__20190617.csv,https://github.com/ooi-integration/asset-management/blob/master/calibration/FLORTK/CGINS-FLORTK-01537__20190617.csv,Calibration coefficients were modified,2019-10-06 13:41,2020-06-13 19:24,MODIFIED COEFFICIENT: A metadata review found that the CDOM calibration values for the sensor (CP03ISPM-WFP01-04-FLORTK000) were incorrect for all of deployment 3 due to biased primary and secondary calibration standards which would result in delivery of incorrect L1 or L2 derived values during that time range. The erroneous calibration values have now been entered and verified as of XXXX. All derived L1 and L2 values generated prior to the annotation date for deployment 3 for the time range 2019-10-06 13:41 to 2020-06-13 19:24 should be re-requested in order to ensure utilization of correct calibration values. The updated values can be viewed at https://github.com/ooi-integration/asset-management/blob/master/calibration/FLORTK/CGINS-FLORTK-01537__20190617.csv.
Coastal Pioneer NES,Inshore Profiler Mooring,Wire-Following Profiler,3-Wavelength Fluorometer: FLORT Series K,CP03ISPM-WFP01-04-FLORTK000,CGINS-FLORTK-01537,BBFL2-1537,4,-9999999,CGINS-FLORTK-01537__20200716.csv,https://github.com/ooi-integration/asset-management/blob/master/calibration/FLORTK/CGINS-FLORTK-01537__20200716.csv,Calibration coefficients were modified,2020-10-31 22:02,2021-04-12 16:31,MODIFIED COEFFICIENT: A metadata review found that the CDOM calibration values for the sensor (CP03ISPM-WFP01-04-FLORTK000) were incorrect for all of deployment 4 due to biased primary and secondary calibration standards which would result in delivery of incorrect L1 or L2 derived values during that time range. The erroneous calibration values have now been entered and verified as of XXXX. All derived L1 and L2 values generated prior to the annotation date for deployment 4 for the time range 2020-10-31 22:02 to 2021-04-12 16:31 should be re-requested in order to ensure utilization of correct calibration values. The updated values can be viewed at https://github.com/ooi-integration/asset-management/blob/master/calibration/FLORTK/CGINS-FLORTK-01537__20200716.csv.
Coastal Pioneer NES,Inshore Profiler Mooring,Wire-Following Profiler,3-Wavelength Fluorometer: FLORT Series K,CP03ISPM-WFP01-04-FLORTK000,CGINS-FLORTK-01537,BBFL2-1537,5,-9999999,CGINS-FLORTK-01537__20210615.csv,https://github.com/ooi-integration/asset-management/blob/master/calibration/FLORTK/CGINS-FLORTK-01537__20210615.csv,Calibration coefficients were modified,2021-11-11 13:27,2022-04-25 19:20,MODIFIED COEFFICIENT: A metadata review found that the CDOM calibration values for the sensor (CP03ISPM-WFP01-04-FLORTK000) were incorrect for all of deployment 5 due to biased primary and secondary calibration standards which would result in delivery of incorrect L1 or L2 derived values during that time range. The erroneous calibration values have now been entered and verified as of XXXX. All derived L1 and L2 values generated prior to the annotation date for deployment 5 for the time range 2021-11-11 13:27 to 2022-04-25 19:20 should be re-requested in order to ensure utilization of correct calibration values. The updated values can be viewed at https://github.com/ooi-integration/asset-management/blob/master/calibration/FLORTK/CGINS-FLORTK-01537__20210615.csv.
Coastal Pioneer NES,Central Profiler Mooring,Wire-Following Profiler,3-Wavelength Fluorometer: FLORT Series K,CP01CNPM-WFP01-04-FLORTK000,CGINS-FLORTK-01538,BBFL2-1538,1,-9999999,CGINS-FLORTK-01538__20170125.csv,https://github.com/ooi-integration/asset-management/blob/master/calibration/FLORTK/CGINS-FLORTK-01538__20170125.csv,Calibration coefficients were modified,2017-11-06 14:55,2018-04-12 12:53,MODIFIED COEFFICIENT: A metadata review found that the CDOM calibration values for the sensor (CP01CNPM-WFP01-04-FLORTK000) were incorrect for all of deployment 1 due to biased primary and secondary calibration standards which would result in delivery of incorrect L1 or L2 derived values during that time range. The erroneous calibration values have now been entered and verified as of XXXX. All derived L1 and L2 values generated prior to the annotation date for deployment 1 for the time range 2017-11-06 14:55 to 2018-04-12 12:53 should be re-requested in order to ensure utilization of correct calibration values. The updated values can be viewed at https://github.com/ooi-integration/asset-management/blob/master/calibration/FLORTK/CGINS-FLORTK-01538__20170125.csv.
Coastal Pioneer NES,Central Profiler Mooring,Wire-Following Profiler,3-Wavelength Fluorometer: FLORT Series K,CP01CNPM-WFP01-04-FLORTK000,CGINS-FLORTK-01538,BBFL2-1538,2,-9999999,CGINS-FLORTK-01538__20180628.csv,https://github.com/ooi-integration/asset-management/blob/master/calibration/FLORTK/CGINS-FLORTK-01538__20180628.csv,Calibration coefficients were modified,2018-11-02 14:40,2019-04-09 12:07,MODIFIED COEFFICIENT: A metadata review found that the CDOM calibration values for the sensor (CP01CNPM-WFP01-04-FLORTK000) were incorrect for all of deployment 2 due to biased primary and secondary calibration standards which would result in delivery of incorrect L1 or L2 derived values during that time range. The erroneous calibration values have now been entered and verified as of XXXX. All derived L1 and L2 values generated prior to the annotation date for deployment 2 for the time range 2018-11-02 14:40 to 2019-04-09 12:07 should be re-requested in order to ensure utilization of correct calibration values. The updated values can be viewed at https://github.com/ooi-integration/asset-management/blob/master/calibration/FLORTK/CGINS-FLORTK-01538__20180628.csv.
Coastal Pioneer NES,Central Profiler Mooring,Wire-Following Profiler,3-Wavelength Fluorometer: FLORT Series K,CP01CNPM-WFP01-04-FLORTK000,CGINS-FLORTK-01538,BBFL2-1538,3,-9999999,CGINS-FLORTK-01538__20190625.csv,https://github.com/ooi-integration/asset-management/blob/master/calibration/FLORTK/CGINS-FLORTK-01538__20190625.csv,Calibration coefficients were modified,2019-10-07 13:44,2020-06-14 12:23,MODIFIED COEFFICIENT: A metadata review found that the CDOM calibration values for the sensor (CP01CNPM-WFP01-04-FLORTK000) were incorrect for all of deployment 3 due to biased primary and secondary calibration standards which would result in delivery of incorrect L1 or L2 derived values during that time range. The erroneous calibration values have now been entered and verified as of XXXX. All derived L1 and L2 values generated prior to the annotation date for deployment 3 for the time range 2019-10-07 13:44 to 2020-06-14 12:23 should be re-requested in order to ensure utilization of correct calibration values. The updated values can be viewed at https://github.com/ooi-integration/asset-management/blob/master/calibration/FLORTK/CGINS-FLORTK-01538__20190625.csv.
Coastal Pioneer NES,Central Profiler Mooring,Wire-Following Profiler,3-Wavelength Fluorometer: FLORT Series K,CP01CNPM-WFP01-04-FLORTK000,CGINS-FLORTK-01538,BBFL2-1538,4,-9999999,CGINS-FLORTK-01538__20200716.csv,https://github.com/ooi-integration/asset-management/blob/master/calibration/FLORTK/CGINS-FLORTK-01538__20200716.csv,Calibration coefficients were modified,2020-10-29 20:10,2021-04-10 20:29,MODIFIED COEFFICIENT: A metadata review found that the CDOM calibration values for the sensor (CP01CNPM-WFP01-04-FLORTK000) were incorrect for all of deployment 4 due to biased primary and secondary calibration standards which would result in delivery of incorrect L1 or L2 derived values during that time range. The erroneous calibration values have now been entered and verified as of XXXX. All derived L1 and L2 values generated prior to the annotation date for deployment 4 for the time range 2020-10-29 20:10 to 2021-04-10 20:29 should be re-requested in order to ensure utilization of correct calibration values. The updated values can be viewed at https://github.com/ooi-integration/asset-management/blob/master/calibration/FLORTK/CGINS-FLORTK-01538__20200716.csv.
Coastal Pioneer NES,Central Profiler Mooring,Wire-Following Profiler,3-Wavelength Fluorometer: FLORT Series K,CP01CNPM-WFP01-04-FLORTK000,CGINS-FLORTK-01538,BBFL2-1538,5,-9999999,CGINS-FLORTK-01538__20210615.csv,https://github.com/ooi-integration/asset-management/blob/master/calibration/FLORTK/CGINS-FLORTK-01538__20210615.csv,Calibration coefficients were modified,2021-11-10 20:32,2022-04-24 19:40,MODIFIED COEFFICIENT: A metadata review found that the CDOM calibration values for the sensor (CP01CNPM-WFP01-04-FLORTK000) were incorrect for all of deployment 5 due to biased primary and secondary calibration standards which would result in delivery of incorrect L1 or L2 derived values during that time range. The erroneous calibration values have now been entered and verified as of XXXX. All derived L1 and L2 values generated prior to the annotation date for deployment 5 for the time range 2021-11-10 20:32 to 2022-04-24 19:40 should be re-requested in order to ensure utilization of correct calibration values. The updated values can be viewed at https://github.com/ooi-integration/asset-management/blob/master/calibration/FLORTK/CGINS-FLORTK-01538__20210615.csv.
Coastal Pioneer NES,Central Surface Mooring,Near Surface Instrument Frame,3-Wavelength Fluorometer: FLORT Series D,CP01CNSM-RID27-02-FLORTD000,CGINS-FLORTD-00993,BBFL2W-993,2,-9999999,CGINS-FLORTD-00993__20121101.csv,https://github.com/ooi-integration/asset-management/blob/master/calibration/FLORTD/CGINS-FLORTD-00993__20121101.csv,Calibration coefficients were modified,2014-12-13 18:47,2014-12-15 20:58,MODIFIED COEFFICIENT: A metadata review found that the CDOM calibration values for the sensor (CP01CNSM-RID27-02-FLORTD000) were incorrect for all of deployment 2 due to biased primary and secondary calibration standards which would result in delivery of incorrect L1 or L2 derived values during that time range. The erroneous calibration values have now been entered and verified as of XXXX. All derived L1 and L2 values generated prior to the annotation date for deployment 2 for the time range 2014-12-13 18:47 to 2014-12-15 20:58 should be re-requested in order to ensure utilization of correct calibration values. The updated values can be viewed at https://github.com/ooi-integration/asset-management/blob/master/calibration/FLORTD/CGINS-FLORTD-00993__20121101.csv.
Coastal Pioneer NES,Inshore Surface Mooring,Near Surface Instrument Frame,3-Wavelength Fluorometer: FLORT Series D,CP03ISSM-RID27-02-FLORTD000,CGINS-FLORTD-00993,BBFL2W-993,5,-9999999,CGINS-FLORTD-00993__20160112.csv,https://github.com/ooi-integration/asset-management/blob/master/calibration/FLORTD/CGINS-FLORTD-00993__20160112.csv,Calibration coefficients were modified,2016-10-11 13:39,2017-06-15 15:56,MODIFIED COEFFICIENT: A metadata review found that the CDOM calibration values for the sensor (CP03ISSM-RID27-02-FLORTD000) were incorrect for all of deployment 5 due to biased primary and secondary calibration standards which would result in delivery of incorrect L1 or L2 derived values during that time range. The erroneous calibration values have now been entered and verified as of XXXX. All derived L1 and L2 values generated prior to the annotation date for deployment 5 for the time range 2016-10-11 13:39 to 2017-06-15 15:56 should be re-requested in order to ensure utilization of correct calibration values. The updated values can be viewed at https://github.com/ooi-integration/asset-management/blob/master/calibration/FLORTD/CGINS-FLORTD-00993__20160112.csv.
Coastal Pioneer NES,Inshore Surface Mooring,Near Surface Instrument Frame,3-Wavelength Fluorometer: FLORT Series D,CP03ISSM-RID27-02-FLORTD000,CGINS-FLORTD-00993,BBFL2W-993,5,-9999999,CGINS-FLORTD-00993__20160608.csv,https://github.com/ooi-integration/asset-management/blob/master/calibration/FLORTD/CGINS-FLORTD-00993__20160608.csv,Calibration coefficients were modified,2016-10-11 13:39,2017-06-15 15:56,MODIFIED COEFFICIENT: A metadata review found that the CDOM calibration values for the sensor (CP03ISSM-RID27-02-FLORTD000) were incorrect for all of deployment 5 due to biased primary and secondary calibration standards which would result in delivery of incorrect L1 or L2 derived values during that time range. The erroneous calibration values have now been entered and verified as of XXXX. All derived L1 and L2 values generated prior to the annotation date for deployment 5 for the time range 2016-10-11 13:39 to 2017-06-15 15:56 should be re-requested in order to ensure utilization of correct calibration values. The updated values can be viewed at https://github.com/ooi-integration/asset-management/blob/master/calibration/FLORTD/CGINS-FLORTD-00993__20160608.csv.
Coastal Pioneer NES,Inshore Surface Mooring,Near Surface Instrument Frame,3-Wavelength Fluorometer: FLORT Series D,CP03ISSM-RID27-02-FLORTD000,CGINS-FLORTD-00993,BBFL2W-993,8,-9999999,CGINS-FLORTD-00993__20170802.csv,https://github.com/ooi-integration/asset-management/blob/master/calibration/FLORTD/CGINS-FLORTD-00993__20170802.csv,Calibration coefficients were modified,2018-03-25 15:27,2018-10-26 19:52,MODIFIED COEFFICIENT: A metadata review found that the CDOM calibration values for the sensor (CP03ISSM-RID27-02-FLORTD000) were incorrect for all of deployment 8 due to biased primary and secondary calibration standards which would result in delivery of incorrect L1 or L2 derived values during that time range. The erroneous calibration values have now been entered and verified as of XXXX. All derived L1 and L2 values generated prior to the annotation date for deployment 8 for the time range 2018-03-25 15:27 to 2018-10-26 19:52 should be re-requested in order to ensure utilization of correct calibration values. The updated values can be viewed at https://github.com/ooi-integration/asset-management/blob/master/calibration/FLORTD/CGINS-FLORTD-00993__20170802.csv.
Global Station Papa,Flanking Subsurface Mooring A,Mooring Riser,3-Wavelength Fluorometer: FLORT Series D,GP03FLMA-RIS01-05-FLORTD000,CGINS-FLORTD-00993,BBFL2W-993,9,-9999999,CGINS-FLORTD-00993__20220202.csv,https://github.com/ooi-integration/asset-management/blob/master/calibration/FLORTD/CGINS-FLORTD-00993__20220202.csv,Calibration coefficients were modified,2022-05-19 17:27,2023-05-21 16:44,MODIFIED COEFFICIENT: A metadata review found that the CDOM calibration values for the sensor (GP03FLMA-RIS01-05-FLORTD000) were incorrect for all of deployment 9 due to biased primary and secondary calibration standards which would result in delivery of incorrect L1 or L2 derived values during that time range. The erroneous calibration values have now been entered and verified as of XXXX. All derived L1 and L2 values generated prior to the annotation date for deployment 9 for the time range 2022-05-19 17:27 to 2023-05-21 16:44 should be re-requested in order to ensure utilization of correct calibration values. The updated values can be viewed at https://github.com/ooi-integration/asset-management/blob/master/calibration/FLORTD/CGINS-FLORTD-00993__20220202.csv.
Coastal Pioneer NES,Central Surface Mooring,Near Surface Instrument Frame,3-Wavelength Fluorometer: FLORT Series D,CP01CNSM-RID27-02-FLORTD000,CGINS-FLORTD-00994,BBFL2W-994,1,-9999999,CGINS-FLORTD-00994__20121101.csv,https://github.com/ooi-integration/asset-management/blob/master/calibration/FLORTD/CGINS-FLORTD-00994__20121101.csv,Calibration coefficients were modified,2013-11-21 18:16,2014-04-18 10:33,MODIFIED COEFFICIENT: A metadata review found that the CDOM calibration values for the sensor (CP01CNSM-RID27-02-FLORTD000) were incorrect for all of deployment 1 due to biased primary and secondary calibration standards which would result in delivery of incorrect L1 or L2 derived values during that time range. The erroneous calibration values have now been entered and verified as of XXXX. All derived L1 and L2 values generated prior to the annotation date for deployment 1 for the time range 2013-11-21 18:16 to 2014-04-18 10:33 should be re-requested in order to ensure utilization of correct calibration values. The updated values can be viewed at https://github.com/ooi-integration/asset-management/blob/master/calibration/FLORTD/CGINS-FLORTD-00994__20121101.csv.
Coastal Pioneer NES,Offshore Surface Mooring,Near Surface Instrument Frame,3-Wavelength Fluorometer: FLORT Series D,CP04OSSM-RID27-02-FLORTD000,CGINS-FLORTD-00994,BBFL2W-994,2,-9999999,CGINS-FLORTD-00994__20150317.csv,https://github.com/ooi-integration/asset-management/blob/master/calibration/FLORTD/CGINS-FLORTD-00994__20150317.csv,Calibration coefficients were modified,2015-05-10 01:04,2015-10-23 20:52,MODIFIED COEFFICIENT: A metadata review found that the CDOM calibration values for the sensor (CP04OSSM-RID27-02-FLORTD000) were incorrect for all of deployment 2 due to biased primary and secondary calibration standards which would result in delivery of incorrect L1 or L2 derived values during that time range. The erroneous calibration values have now been entered and verified as of XXXX. All derived L1 and L2 values generated prior to the annotation date for deployment 2 for the time range 2015-05-10 01:04 to 2015-10-23 20:52 should be re-requested in order to ensure utilization of correct calibration values. The updated values can be viewed at https://github.com/ooi-integration/asset-management/blob/master/calibration/FLORTD/CGINS-FLORTD-00994__20150317.csv.
Global Irminger Sea,Apex Surface Mooring,Surface Buoy,3-Wavelength Fluorometer: FLORT Series D,GI01SUMO-SBD12-02-FLORTD000,CGINS-FLORTD-00994,BBFL2W-994,3,-9999999,CGINS-FLORTD-00994__20160107.csv,https://github.com/ooi-integration/asset-management/blob/master/calibration/FLORTD/CGINS-FLORTD-00994__20160107.csv,Calibration coefficients were modified,2016-07-10 17:44,2017-08-14 09:33,MODIFIED COEFFICIENT: A metadata review found that the CDOM calibration values for the sensor (GI01SUMO-SBD12-02-FLORTD000) were incorrect for all of deployment 3 due to biased primary and secondary calibration standards which would result in delivery of incorrect L1 or L2 derived values during that time range. The erroneous calibration values have now been entered and verified as of XXXX. All derived L1 and L2 values generated prior to the annotation date for deployment 3 for the time range 2016-07-10 17:44 to 2017-08-14 09:33 should be re-requested in order to ensure utilization of correct calibration values. The updated values can be viewed at https://github.com/ooi-integration/asset-management/blob/master/calibration/FLORTD/CGINS-FLORTD-00994__20160107.csv.
Global Irminger Sea,Flanking Subsurface Mooring A,Mooring Riser,3-Wavelength Fluorometer: FLORT Series D,GI03FLMA-RIS01-05-FLORTD000,CGINS-FLORTD-00994,BBFL2W-994,11,-9999999,CGINS-FLORTD-00994__20171013.csv,https://github.com/ooi-integration/asset-management/blob/master/calibration/FLORTD/CGINS-FLORTD-00994__20171013.csv,Calibration coefficients were modified,2024-06-14 15:52,2025-06-11 18:28,MODIFIED COEFFICIENT: A metadata review found that the CDOM calibration values for the sensor (GI03FLMA-RIS01-05-FLORTD000) were incorrect for all of deployment 11 due to biased primary and secondary calibration standards which would result in delivery of incorrect L1 or L2 derived values during that time range. The erroneous calibration values have now been entered and verified as of XXXX. All derived L1 and L2 values generated prior to the annotation date for deployment 11 for the time range 2024-06-14 15:52 to 2025-06-11 18:28 should be re-requested in order to ensure utilization of correct calibration values. The updated values can be viewed at https://github.com/ooi-integration/asset-management/blob/master/calibration/FLORTD/CGINS-FLORTD-00994__20171013.csv.
Global Southern Ocean,Flanking Subsurface Mooring A,Mooring Riser,3-Wavelength Fluorometer: FLORT Series D,GS03FLMA-RIS01-05-FLORTD000,CGINS-FLORTD-01003,BBFL2W-1003,1,-9999999,CGINS-FLORTD-01003__20121120.csv,https://github.com/ooi-integration/asset-management/blob/master/calibration/FLORTD/CGINS-FLORTD-01003__20121120.csv,Calibration coefficients were modified,2015-02-25 23:55,2015-12-18 09:46,MODIFIED COEFFICIENT: A metadata review found that the CDOM calibration values for the sensor (GS03FLMA-RIS01-05-FLORTD000) were incorrect for all of deployment 1 due to biased primary and secondary calibration standards which would result in delivery of incorrect L1 or L2 derived values during that time range. The erroneous calibration values have now been entered and verified as of XXXX. All derived L1 and L2 values generated prior to the annotation date for deployment 1 for the time range 2015-02-25 23:55 to 2015-12-18 09:46 should be re-requested in order to ensure utilization of correct calibration values. The updated values can be viewed at https://github.com/ooi-integration/asset-management/blob/master/calibration/FLORTD/CGINS-FLORTD-01003__20121120.csv.
Global Southern Ocean,Flanking Subsurface Mooring A,Mooring Riser,3-Wavelength Fluorometer: FLORT Series D,GS03FLMA-RIS01-05-FLORTD000,CGINS-FLORTD-01003,BBFL2W-1003,3,-9999999,CGINS-FLORTD-01003__20160525.csv,https://github.com/ooi-integration/asset-management/blob/master/calibration/FLORTD/CGINS-FLORTD-01003__20160525.csv,Calibration coefficients were modified,2016-12-01 19:20,2017-12-03 17:19,MODIFIED COEFFICIENT: A metadata review found that the CDOM calibration values for the sensor (GS03FLMA-RIS01-05-FLORTD000) were incorrect for all of deployment 3 due to biased primary and secondary calibration standards which would result in delivery of incorrect L1 or L2 derived values during that time range. The erroneous calibration values have now been entered and verified as of XXXX. All derived L1 and L2 values generated prior to the annotation date for deployment 3 for the time range 2016-12-01 19:20 to 2017-12-03 17:19 should be re-requested in order to ensure utilization of correct calibration values. The updated values can be viewed at https://github.com/ooi-integration/asset-management/blob/master/calibration/FLORTD/CGINS-FLORTD-01003__20160525.csv.
Coastal Pioneer NES,Inshore Surface Mooring,Near Surface Instrument Frame,3-Wavelength Fluorometer: FLORT Series D,CP03ISSM-RID27-02-FLORTD000,CGINS-FLORTD-01003,BBFL2W-1003,10,-9999999,CGINS-FLORTD-01003__20180728.csv,https://github.com/ooi-integration/asset-management/blob/master/calibration/FLORTD/CGINS-FLORTD-01003__20180728.csv,Calibration coefficients were modified,2019-04-07 14:42,2019-10-01 11:58,MODIFIED COEFFICIENT: A metadata review found that the CDOM calibration values for the sensor (CP03ISSM-RID27-02-FLORTD000) were incorrect for all of deployment 10 due to biased primary and secondary calibration standards which would result in delivery of incorrect L1 or L2 derived values during that time range. The erroneous calibration values have now been entered and verified as of XXXX. All derived L1 and L2 values generated prior to the annotation date for deployment 10 for the time range 2019-04-07 14:42 to 2019-10-01 11:58 should be re-requested in order to ensure utilization of correct calibration values. The updated values can be viewed at https://github.com/ooi-integration/asset-management/blob/master/calibration/FLORTD/CGINS-FLORTD-01003__20180728.csv.
Global Station Papa,Flanking Subsurface Mooring B,Mooring Riser,3-Wavelength Fluorometer: FLORT Series D,GP03FLMB-RIS01-05-FLORTD000,CGINS-FLORTD-01004,BBFL2W-1004,1,-9999999,CGINS-FLORTD-01004__20121120.csv,https://github.com/ooi-integration/asset-management/blob/master/calibration/FLORTD/CGINS-FLORTD-01004__20121120.csv,Calibration coefficients were modified,2013-07-24 06:32,2014-06-18 14:00,MODIFIED COEFFICIENT: A metadata review found that the CDOM calibration values for the sensor (GP03FLMB-RIS01-05-FLORTD000) were incorrect for all of deployment 1 due to biased primary and secondary calibration standards which would result in delivery of incorrect L1 or L2 derived values during that time range. The erroneous calibration values have now been entered and verified as of XXXX. All derived L1 and L2 values generated prior to the annotation date for deployment 1 for the time range 2013-07-24 06:32 to 2014-06-18 14:00 should be re-requested in order to ensure utilization of correct calibration values. The updated values can be viewed at https://github.com/ooi-integration/asset-management/blob/master/calibration/FLORTD/CGINS-FLORTD-01004__20121120.csv.
Global Station Papa,Flanking Subsurface Mooring B,Mooring Riser,3-Wavelength Fluorometer: FLORT Series D,GP03FLMB-RIS01-05-FLORTD000,CGINS-FLORTD-01004,BBFL2W-1004,5,-9999999,CGINS-FLORTD-01004__20161004.csv,https://github.com/ooi-integration/asset-management/blob/master/calibration/FLORTD/CGINS-FLORTD-01004__20161004.csv,Calibration coefficients were modified,2017-07-14 22:49,2018-07-25 15:11,MODIFIED COEFFICIENT: A metadata review found that the CDOM calibration values for the sensor (GP03FLMB-RIS01-05-FLORTD000) were incorrect for all of deployment 5 due to biased primary and secondary calibration standards which would result in delivery of incorrect L1 or L2 derived values during that time range. The erroneous calibration values have now been entered and verified as of XXXX. All derived L1 and L2 values generated prior to the annotation date for deployment 5 for the time range 2017-07-14 22:49 to 2018-07-25 15:11 should be re-requested in order to ensure utilization of correct calibration values. The updated values can be viewed at https://github.com/ooi-integration/asset-management/blob/master/calibration/FLORTD/CGINS-FLORTD-01004__20161004.csv.
Global Irminger Sea,Apex Surface Mooring,Surface Buoy,3-Wavelength Fluorometer: FLORT Series D,GI01SUMO-SBD12-02-FLORTD000,CGINS-FLORTD-01004,BBFL2W-1004,10,-9999999,CGINS-FLORTD-01004__20181003.csv,https://github.com/ooi-integration/asset-management/blob/master/calibration/FLORTD/CGINS-FLORTD-01004__20181003.csv,Calibration coefficients were modified,2023-08-31 16:00,2024-06-16 10:04,MODIFIED COEFFICIENT: A metadata review found that the CDOM calibration values for the sensor (GI01SUMO-SBD12-02-FLORTD000) were incorrect for all of deployment 10 due to biased primary and secondary calibration standards which would result in delivery of incorrect L1 or L2 derived values during that time range. The erroneous calibration values have now been entered and verified as of XXXX. All derived L1 and L2 values generated prior to the annotation date for deployment 10 for the time range 2023-08-31 16:00 to 2024-06-16 10:04 should be re-requested in order to ensure utilization of correct calibration values. The updated values can be viewed at https://github.com/ooi-integration/asset-management/blob/master/calibration/FLORTD/CGINS-FLORTD-01004__20181003.csv.
Global Irminger Sea,Apex Surface Mooring,Surface Buoy,3-Wavelength Fluorometer: FLORT Series D,GI01SUMO-SBD12-02-FLORTD000,CGINS-FLORTD-01004,BBFL2W-1004,10,-9999999,CGINS-FLORTD-01004__20220927.csv,https://github.com/ooi-integration/asset-management/blob/master/calibration/FLORTD/CGINS-FLORTD-01004__20220927.csv,Calibration coefficients were modified,2023-08-31 16:00,2024-06-16 10:04,MODIFIED COEFFICIENT: A metadata review found that the CDOM calibration values for the sensor (GI01SUMO-SBD12-02-FLORTD000) were incorrect for all of deployment 10 due to biased primary and secondary calibration standards which would result in delivery of incorrect L1 or L2 derived values during that time range. The erroneous calibration values have now been entered and verified as of XXXX. All derived L1 and L2 values generated prior to the annotation date for deployment 10 for the time range 2023-08-31 16:00 to 2024-06-16 10:04 should be re-requested in order to ensure utilization of correct calibration values. The updated values can be viewed at https://github.com/ooi-integration/asset-management/blob/master/calibration/FLORTD/CGINS-FLORTD-01004__20220927.csv.
Global Station Papa,Flanking Subsurface Mooring A,Mooring Riser,3-Wavelength Fluorometer: FLORT Series D,GP03FLMA-RIS01-05-FLORTD000,CGINS-FLORTD-01005,BBFL2W-1005,1,-9999999,CGINS-FLORTD-01005__20121120.csv,https://github.com/ooi-integration/asset-management/blob/master/calibration/FLORTD/CGINS-FLORTD-01005__20121120.csv,Calibration coefficients were modified,2013-07-21 22:44,2014-06-15 17:30,MODIFIED COEFFICIENT: A metadata review found that the CDOM calibration values for the sensor (GP03FLMA-RIS01-05-FLORTD000) were incorrect for all of deployment 1 due to biased primary and secondary calibration standards which would result in delivery of incorrect L1 or L2 derived values during that time range. The erroneous calibration values have now been entered and verified as of XXXX. All derived L1 and L2 values generated prior to the annotation date for deployment 1 for the time range 2013-07-21 22:44 to 2014-06-15 17:30 should be re-requested in order to ensure utilization of correct calibration values. The updated values can be viewed at https://github.com/ooi-integration/asset-management/blob/master/calibration/FLORTD/CGINS-FLORTD-01005__20121120.csv.
Coastal Pioneer NES,Inshore Surface Mooring,Near Surface Instrument Frame,3-Wavelength Fluorometer: FLORT Series D,CP03ISSM-RID27-02-FLORTD000,CGINS-FLORTD-01005,BBFL2W-1005,9,-9999999,CGINS-FLORTD-01005__20171229.csv,https://github.com/ooi-integration/asset-management/blob/master/calibration/FLORTD/CGINS-FLORTD-01005__20171229.csv,Calibration coefficients were modified,2018-10-29 03:43,2019-04-06 18:51,MODIFIED COEFFICIENT: A metadata review found that the CDOM calibration values for the sensor (CP03ISSM-RID27-02-FLORTD000) were incorrect for all of deployment 9 due to biased primary and secondary calibration standards which would result in delivery of incorrect L1 or L2 derived values during that time range. The erroneous calibration values have now been entered and verified as of XXXX. All derived L1 and L2 values generated prior to the annotation date for deployment 9 for the time range 2018-10-29 03:43 to 2019-04-06 18:51 should be re-requested in order to ensure utilization of correct calibration values. The updated values can be viewed at https://github.com/ooi-integration/asset-management/blob/master/calibration/FLORTD/CGINS-FLORTD-01005__20171229.csv.
Global Station Papa,Flanking Subsurface Mooring A,Mooring Riser,3-Wavelength Fluorometer: FLORT Series D,GP03FLMA-RIS01-05-FLORTD000,CGINS-FLORTD-01005,BBFL2W-1005,12,-9999999,CGINS-FLORTD-01005__20220222.csv,https://github.com/ooi-integration/asset-management/blob/master/calibration/FLORTD/CGINS-FLORTD-01005__20220222.csv,Calibration coefficients were modified,2025-05-26 19:42,2025-06-11 18:28,MODIFIED COEFFICIENT: A metadata review found that the CDOM calibration values for the sensor (GP03FLMA-RIS01-05-FLORTD000) were incorrect for all of deployment 12 due to biased primary and secondary calibration standards which would result in delivery of incorrect L1 or L2 derived values during that time range. The erroneous calibration values have now been entered and verified as of XXXX. All derived L1 and L2 values generated prior to the annotation date for deployment 12 for the time range 2025-05-26 19:42 to 2025-06-11 18:28 should be re-requested in order to ensure utilization of correct calibration values. The updated values can be viewed at https://github.com/ooi-integration/asset-management/blob/master/calibration/FLORTD/CGINS-FLORTD-01005__20220222.csv.
Global Irminger Sea,Apex Surface Mooring,Surface Buoy,3-Wavelength Fluorometer: FLORT Series D,GI01SUMO-SBD12-02-FLORTD000,CGINS-FLORTD-01102,BBFL2W-1102,1,-9999999,CGINS-FLORTD-01102__20130830.csv,https://github.com/ooi-integration/asset-management/blob/master/calibration/FLORTD/CGINS-FLORTD-01102__20130830.csv,Calibration coefficients were modified,2014-09-10 18:50,2015-08-22 11:00,MODIFIED COEFFICIENT: A metadata review found that the CDOM calibration values for the sensor (GI01SUMO-SBD12-02-FLORTD000) were incorrect for all of deployment 1 due to biased primary and secondary calibration standards which would result in delivery of incorrect L1 or L2 derived values during that time range. The erroneous calibration values have now been entered and verified as of XXXX. All derived L1 and L2 values generated prior to the annotation date for deployment 1 for the time range 2014-09-10 18:50 to 2015-08-22 11:00 should be re-requested in order to ensure utilization of correct calibration values. The updated values can be viewed at https://github.com/ooi-integration/asset-management/blob/master/calibration/FLORTD/CGINS-FLORTD-01102__20130830.csv.
Coastal Pioneer NES,Inshore Surface Mooring,Near Surface Instrument Frame,3-Wavelength Fluorometer: FLORT Series D,CP03ISSM-RID27-02-FLORTD000,CGINS-FLORTD-01102,BBFL2W-1102,4,-9999999,CGINS-FLORTD-01102__20151119.csv,https://github.com/ooi-integration/asset-management/blob/master/calibration/FLORTD/CGINS-FLORTD-01102__20151119.csv,Calibration coefficients were modified,2016-05-28 14:43,2016-10-15 12:14,MODIFIED COEFFICIENT: A metadata review found that the CDOM calibration values for the sensor (CP03ISSM-RID27-02-FLORTD000) were incorrect for all of deployment 4 due to biased primary and secondary calibration standards which would result in delivery of incorrect L1 or L2 derived values during that time range. The erroneous calibration values have now been entered and verified as of XXXX. All derived L1 and L2 values generated prior to the annotation date for deployment 4 for the time range 2016-05-28 14:43 to 2016-10-15 12:14 should be re-requested in order to ensure utilization of correct calibration values. The updated values can be viewed at https://github.com/ooi-integration/asset-management/blob/master/calibration/FLORTD/CGINS-FLORTD-01102__20151119.csv.
Coastal Pioneer NES,Offshore Surface Mooring,Near Surface Instrument Frame,3-Wavelength Fluorometer: FLORT Series D,CP04OSSM-RID27-02-FLORTD000,CGINS-FLORTD-01102,BBFL2W-1102,7,-9999999,CGINS-FLORTD-01102__20170105.csv,https://github.com/ooi-integration/asset-management/blob/master/calibration/FLORTD/CGINS-FLORTD-01102__20170105.csv,Calibration coefficients were modified,2017-10-28 14:24,2018-03-29 12:42,MODIFIED COEFFICIENT: A metadata review found that the CDOM calibration values for the sensor (CP04OSSM-RID27-02-FLORTD000) were incorrect for all of deployment 7 due to biased primary and secondary calibration standards which would result in delivery of incorrect L1 or L2 derived values during that time range. The erroneous calibration values have now been entered and verified as of XXXX. All derived L1 and L2 values generated prior to the annotation date for deployment 7 for the time range 2017-10-28 14:24 to 2018-03-29 12:42 should be re-requested in order to ensure utilization of correct calibration values. The updated values can be viewed at https://github.com/ooi-integration/asset-management/blob/master/calibration/FLORTD/CGINS-FLORTD-01102__20170105.csv.
Global Irminger Sea,Apex Surface Mooring,Surface Buoy,3-Wavelength Fluorometer: FLORT Series D,GI01SUMO-SBD12-02-FLORTD000,CGINS-FLORTD-01102,BBFL2W-1102,6,-9999999,CGINS-FLORTD-01102__20180730.csv,https://github.com/ooi-integration/asset-management/blob/master/calibration/FLORTD/CGINS-FLORTD-01102__20180730.csv,Calibration coefficients were modified,2019-08-05 15:29,2020-08-26 10:41,MODIFIED COEFFICIENT: A metadata review found that the CDOM calibration values for the sensor (GI01SUMO-SBD12-02-FLORTD000) were incorrect for all of deployment 6 due to biased primary and secondary calibration standards which would result in delivery of incorrect L1 or L2 derived values during that time range. The erroneous calibration values have now been entered and verified as of XXXX. All derived L1 and L2 values generated prior to the annotation date for deployment 6 for the time range 2019-08-05 15:29 to 2020-08-26 10:41 should be re-requested in order to ensure utilization of correct calibration values. The updated values can be viewed at https://github.com/ooi-integration/asset-management/blob/master/calibration/FLORTD/CGINS-FLORTD-01102__20180730.csv.
Coastal Pioneer NES,Central Surface Mooring,Near Surface Instrument Frame,3-Wavelength Fluorometer: FLORT Series D,CP01CNSM-RID27-02-FLORTD000,CGINS-FLORTD-01102,BBFL2W-1102,14,-9999999,CGINS-FLORTD-01102__20201110.csv,https://github.com/ooi-integration/asset-management/blob/master/calibration/FLORTD/CGINS-FLORTD-01102__20201110.csv,Calibration coefficients were modified,2021-03-31 15:36,2021-11-03 17:00,MODIFIED COEFFICIENT: A metadata review found that the CDOM calibration values for the sensor (CP01CNSM-RID27-02-FLORTD000) were incorrect for all of deployment 14 due to biased primary and secondary calibration standards which would result in delivery of incorrect L1 or L2 derived values during that time range. The erroneous calibration values have now been entered and verified as of XXXX. All derived L1 and L2 values generated prior to the annotation date for deployment 14 for the time range 2021-03-31 15:36 to 2021-11-03 17:00 should be re-requested in order to ensure utilization of correct calibration values. The updated values can be viewed at https://github.com/ooi-integration/asset-management/blob/master/calibration/FLORTD/CGINS-FLORTD-01102__20201110.csv.
Global Station Papa,Flanking Subsurface Mooring B,Mooring Riser,3-Wavelength Fluorometer: FLORT Series D,GP03FLMB-RIS01-05-FLORTD000,CGINS-FLORTD-01102,BBFL2W-1102,9,-9999999,CGINS-FLORTD-01102__20220105.csv,https://github.com/ooi-integration/asset-management/blob/master/calibration/FLORTD/CGINS-FLORTD-01102__20220105.csv,Calibration coefficients were modified,2022-05-18 19:57,2023-05-22 16:54,MODIFIED COEFFICIENT: A metadata review found that the CDOM calibration values for the sensor (GP03FLMB-RIS01-05-FLORTD000) were incorrect for all of deployment 9 due to biased primary and secondary calibration standards which would result in delivery of incorrect L1 or L2 derived values during that time range. The erroneous calibration values have now been entered and verified as of XXXX. All derived L1 and L2 values generated prior to the annotation date for deployment 9 for the time range 2022-05-18 19:57 to 2023-05-22 16:54 should be re-requested in order to ensure utilization of correct calibration values. The updated values can be viewed at https://github.com/ooi-integration/asset-management/blob/master/calibration/FLORTD/CGINS-FLORTD-01102__20220105.csv.
Global Irminger Sea,Apex Surface Mooring,Near Surface Instrument Frame,3-Wavelength Fluorometer: FLORT Series D,GI01SUMO-RID16-02-FLORTD000,CGINS-FLORTD-01104,BBFL2W-1104,1,-9999999,CGINS-FLORTD-01104__20130909.csv,https://github.com/ooi-integration/asset-management/blob/master/calibration/FLORTD/CGINS-FLORTD-01104__20130909.csv,Calibration coefficients were modified,2014-09-10 18:50,2015-08-22 11:00,MODIFIED COEFFICIENT: A metadata review found that the CDOM calibration values for the sensor (GI01SUMO-RID16-02-FLORTD000) were incorrect for all of deployment 1 due to biased primary and secondary calibration standards which would result in delivery of incorrect L1 or L2 derived values during that time range. The erroneous calibration values have now been entered and verified as of XXXX. All derived L1 and L2 values generated prior to the annotation date for deployment 1 for the time range 2014-09-10 18:50 to 2015-08-22 11:00 should be re-requested in order to ensure utilization of correct calibration values. The updated values can be viewed at https://github.com/ooi-integration/asset-management/blob/master/calibration/FLORTD/CGINS-FLORTD-01104__20130909.csv.
Global Argentine Basin,Apex Surface Mooring,Surface Buoy,3-Wavelength Fluorometer: FLORT Series D,GA01SUMO-SBD12-02-FLORTD000,CGINS-FLORTD-01105,BBFL2W-1105,1,-9999999,CGINS-FLORTD-01105__20130909.csv,https://github.com/ooi-integration/asset-management/blob/master/calibration/FLORTD/CGINS-FLORTD-01105__20130909.csv,Calibration coefficients were modified,2015-03-15 21:25,2015-11-26 10:08,MODIFIED COEFFICIENT: A metadata review found that the CDOM calibration values for the sensor (GA01SUMO-SBD12-02-FLORTD000) were incorrect for all of deployment 1 due to biased primary and secondary calibration standards which would result in delivery of incorrect L1 or L2 derived values during that time range. The erroneous calibration values have now been entered and verified as of XXXX. All derived L1 and L2 values generated prior to the annotation date for deployment 1 for the time range 2015-03-15 21:25 to 2015-11-26 10:08 should be re-requested in order to ensure utilization of correct calibration values. The updated values can be viewed at https://github.com/ooi-integration/asset-management/blob/master/calibration/FLORTD/CGINS-FLORTD-01105__20130909.csv.
Global Argentine Basin,Apex Surface Mooring,Surface Buoy,3-Wavelength Fluorometer: FLORT Series D,GA01SUMO-SBD12-02-FLORTD000,CGINS-FLORTD-01105,BBFL2W-1105,3,-9999999,CGINS-FLORTD-01105__20160512.csv,https://github.com/ooi-integration/asset-management/blob/master/calibration/FLORTD/CGINS-FLORTD-01105__20160512.csv,Calibration coefficients were modified,2016-10-27 01:47,2018-01-14 10:24,MODIFIED COEFFICIENT: A metadata review found that the CDOM calibration values for the sensor (GA01SUMO-SBD12-02-FLORTD000) were incorrect for all of deployment 3 due to biased primary and secondary calibration standards which would result in delivery of incorrect L1 or L2 derived values during that time range. The erroneous calibration values have now been entered and verified as of XXXX. All derived L1 and L2 values generated prior to the annotation date for deployment 3 for the time range 2016-10-27 01:47 to 2018-01-14 10:24 should be re-requested in order to ensure utilization of correct calibration values. The updated values can be viewed at https://github.com/ooi-integration/asset-management/blob/master/calibration/FLORTD/CGINS-FLORTD-01105__20160512.csv.
Coastal Pioneer NES,Offshore Surface Mooring,Near Surface Instrument Frame,3-Wavelength Fluorometer: FLORT Series D,CP04OSSM-RID27-02-FLORTD000,CGINS-FLORTD-01105,BBFL2W-1105,10,-9999999,CGINS-FLORTD-01105__20180329.csv,https://github.com/ooi-integration/asset-management/blob/master/calibration/FLORTD/CGINS-FLORTD-01105__20180329.csv,Calibration coefficients were modified,2019-04-05 14:55,2019-09-28 12:38,MODIFIED COEFFICIENT: A metadata review found that the CDOM calibration values for the sensor (CP04OSSM-RID27-02-FLORTD000) were incorrect for all of deployment 10 due to biased primary and secondary calibration standards which would result in delivery of incorrect L1 or L2 derived values during that time range. The erroneous calibration values have now been entered and verified as of XXXX. All derived L1 and L2 values generated prior to the annotation date for deployment 10 for the time range 2019-04-05 14:55 to 2019-09-28 12:38 should be re-requested in order to ensure utilization of correct calibration values. The updated values can be viewed at https://github.com/ooi-integration/asset-management/blob/master/calibration/FLORTD/CGINS-FLORTD-01105__20180329.csv.
Global Irminger Sea,Flanking Subsurface Mooring B,Mooring Riser,3-Wavelength Fluorometer: FLORT Series D,GI03FLMB-RIS01-05-FLORTD000,CGINS-FLORTD-01105,BBFL2W-1105,8,-9999999,CGINS-FLORTD-01105__20201105.csv,https://github.com/ooi-integration/asset-management/blob/master/calibration/FLORTD/CGINS-FLORTD-01105__20201105.csv,Calibration coefficients were modified,2021-08-17 19:16,2022-07-09 07:29,MODIFIED COEFFICIENT: A metadata review found that the CDOM calibration values for the sensor (GI03FLMB-RIS01-05-FLORTD000) were incorrect for all of deployment 8 due to biased primary and secondary calibration standards which would result in delivery of incorrect L1 or L2 derived values during that time range. The erroneous calibration values have now been entered and verified as of XXXX. All derived L1 and L2 values generated prior to the annotation date for deployment 8 for the time range 2021-08-17 19:16 to 2022-07-09 07:29 should be re-requested in order to ensure utilization of correct calibration values. The updated values can be viewed at https://github.com/ooi-integration/asset-management/blob/master/calibration/FLORTD/CGINS-FLORTD-01105__20201105.csv.
Coastal Pioneer NES,Inshore Surface Mooring,Near Surface Instrument Frame,3-Wavelength Fluorometer: FLORT Series D,CP03ISSM-RID27-02-FLORTD000,CGINS-FLORTD-01106,BBFL2W-1106,1,-9999999,CGINS-FLORTD-01106__20130913.csv,https://github.com/ooi-integration/asset-management/blob/master/calibration/FLORTD/CGINS-FLORTD-01106__20130913.csv,Calibration coefficients were modified,2014-12-14 18:53,2014-12-28 16:30,MODIFIED COEFFICIENT: A metadata review found that the CDOM calibration values for the sensor (CP03ISSM-RID27-02-FLORTD000) were incorrect for all of deployment 1 due to biased primary and secondary calibration standards which would result in delivery of incorrect L1 or L2 derived values during that time range. The erroneous calibration values have now been entered and verified as of XXXX. All derived L1 and L2 values generated prior to the annotation date for deployment 1 for the time range 2014-12-14 18:53 to 2014-12-28 16:30 should be re-requested in order to ensure utilization of correct calibration values. The updated values can be viewed at https://github.com/ooi-integration/asset-management/blob/master/calibration/FLORTD/CGINS-FLORTD-01106__20130913.csv.
Global Irminger Sea,Apex Surface Mooring,Near Surface Instrument Frame,3-Wavelength Fluorometer: FLORT Series D,GI01SUMO-RID16-02-FLORTD000,CGINS-FLORTD-01106,BBFL2W-1106,3,-9999999,CGINS-FLORTD-01106__20160112.csv,https://github.com/ooi-integration/asset-management/blob/master/calibration/FLORTD/CGINS-FLORTD-01106__20160112.csv,Calibration coefficients were modified,2016-07-10 17:44,2017-08-14 09:33,MODIFIED COEFFICIENT: A metadata review found that the CDOM calibration values for the sensor (GI01SUMO-RID16-02-FLORTD000) were incorrect for all of deployment 3 due to biased primary and secondary calibration standards which would result in delivery of incorrect L1 or L2 derived values during that time range. The erroneous calibration values have now been entered and verified as of XXXX. All derived L1 and L2 values generated prior to the annotation date for deployment 3 for the time range 2016-07-10 17:44 to 2017-08-14 09:33 should be re-requested in order to ensure utilization of correct calibration values. The updated values can be viewed at https://github.com/ooi-integration/asset-management/blob/master/calibration/FLORTD/CGINS-FLORTD-01106__20160112.csv.
Coastal Pioneer NES,Offshore Surface Mooring,Near Surface Instrument Frame,3-Wavelength Fluorometer: FLORT Series D,CP04OSSM-RID27-02-FLORTD000,CGINS-FLORTD-01106,BBFL2W-1106,9,-9999999,CGINS-FLORTD-01106__20171013.csv,https://github.com/ooi-integration/asset-management/blob/master/calibration/FLORTD/CGINS-FLORTD-01106__20171013.csv,Calibration coefficients were modified,2018-10-25 15:31,2019-02-04 12:30,MODIFIED COEFFICIENT: A metadata review found that the CDOM calibration values for the sensor (CP04OSSM-RID27-02-FLORTD000) were incorrect for all of deployment 9 due to biased primary and secondary calibration standards which would result in delivery of incorrect L1 or L2 derived values during that time range. The erroneous calibration values have now been entered and verified as of XXXX. All derived L1 and L2 values generated prior to the annotation date for deployment 9 for the time range 2018-10-25 15:31 to 2019-02-04 12:30 should be re-requested in order to ensure utilization of correct calibration values. The updated values can be viewed at https://github.com/ooi-integration/asset-management/blob/master/calibration/FLORTD/CGINS-FLORTD-01106__20171013.csv.
Global Irminger Sea,Flanking Subsurface Mooring B,Mooring Riser,3-Wavelength Fluorometer: FLORT Series D,GI03FLMB-RIS01-05-FLORTD000,CGINS-FLORTD-01107,BBFL2W-1107,1,-9999999,CGINS-FLORTD-01107__20130909.csv,https://github.com/ooi-integration/asset-management/blob/master/calibration/FLORTD/CGINS-FLORTD-01107__20130909.csv,Calibration coefficients were modified,2014-09-16 13:24,2015-08-20 11:16,MODIFIED COEFFICIENT: A metadata review found that the CDOM calibration values for the sensor (GI03FLMB-RIS01-05-FLORTD000) were incorrect for all of deployment 1 due to biased primary and secondary calibration standards which would result in delivery of incorrect L1 or L2 derived values during that time range. The erroneous calibration values have now been entered and verified as of XXXX. All derived L1 and L2 values generated prior to the annotation date for deployment 1 for the time range 2014-09-16 13:24 to 2015-08-20 11:16 should be re-requested in order to ensure utilization of correct calibration values. The updated values can be viewed at https://github.com/ooi-integration/asset-management/blob/master/calibration/FLORTD/CGINS-FLORTD-01107__20130909.csv.
Global Station Papa,Flanking Subsurface Mooring B,Mooring Riser,3-Wavelength Fluorometer: FLORT Series D,GP03FLMB-RIS01-05-FLORTD000,CGINS-FLORTD-01107,BBFL2W-1107,4,-9999999,CGINS-FLORTD-01107__20160204.csv,https://github.com/ooi-integration/asset-management/blob/master/calibration/FLORTD/CGINS-FLORTD-01107__20160204.csv,Calibration coefficients were modified,2016-07-04 23:07,2017-07-17 15:02,MODIFIED COEFFICIENT: A metadata review found that the CDOM calibration values for the sensor (GP03FLMB-RIS01-05-FLORTD000) were incorrect for all of deployment 4 due to biased primary and secondary calibration standards which would result in delivery of incorrect L1 or L2 derived values during that time range. The erroneous calibration values have now been entered and verified as of XXXX. All derived L1 and L2 values generated prior to the annotation date for deployment 4 for the time range 2016-07-04 23:07 to 2017-07-17 15:02 should be re-requested in order to ensure utilization of correct calibration values. The updated values can be viewed at https://github.com/ooi-integration/asset-management/blob/master/calibration/FLORTD/CGINS-FLORTD-01107__20160204.csv.
Global Southern Ocean,Apex Surface Mooring,Surface Buoy,3-Wavelength Fluorometer: FLORT Series D,GS01SUMO-SBD12-02-FLORTD000,CGINS-FLORTD-01107,BBFL2W-1107,4,-9999999,CGINS-FLORTD-01107__20171011.csv,https://github.com/ooi-integration/asset-management/blob/master/calibration/FLORTD/CGINS-FLORTD-01107__20171011.csv,Calibration coefficients were modified,2018-12-04 17:10,2020-01-20 10:01,MODIFIED COEFFICIENT: A metadata review found that the CDOM calibration values for the sensor (GS01SUMO-SBD12-02-FLORTD000) were incorrect for all of deployment 4 due to biased primary and secondary calibration standards which would result in delivery of incorrect L1 or L2 derived values during that time range. The erroneous calibration values have now been entered and verified as of XXXX. All derived L1 and L2 values generated prior to the annotation date for deployment 4 for the time range 2018-12-04 17:10 to 2020-01-20 10:01 should be re-requested in order to ensure utilization of correct calibration values. The updated values can be viewed at https://github.com/ooi-integration/asset-management/blob/master/calibration/FLORTD/CGINS-FLORTD-01107__20171011.csv.
Global Irminger Sea,Flanking Subsurface Mooring A,Mooring Riser,3-Wavelength Fluorometer: FLORT Series D,GI03FLMA-RIS01-05-FLORTD000,CGINS-FLORTD-01107,BBFL2W-1107,8,-9999999,CGINS-FLORTD-01107__20201113.csv,https://github.com/ooi-integration/asset-management/blob/master/calibration/FLORTD/CGINS-FLORTD-01107__20201113.csv,Calibration coefficients were modified,2021-08-13 13:22,2022-07-08 12:54,MODIFIED COEFFICIENT: A metadata review found that the CDOM calibration values for the sensor (GI03FLMA-RIS01-05-FLORTD000) were incorrect for all of deployment 8 due to biased primary and secondary calibration standards which would result in delivery of incorrect L1 or L2 derived values during that time range. The erroneous calibration values have now been entered and verified as of XXXX. All derived L1 and L2 values generated prior to the annotation date for deployment 8 for the time range 2021-08-13 13:22 to 2022-07-08 12:54 should be re-requested in order to ensure utilization of correct calibration values. The updated values can be viewed at https://github.com/ooi-integration/asset-management/blob/master/calibration/FLORTD/CGINS-FLORTD-01107__20201113.csv.
Global Station Papa,Flanking Subsurface Mooring A,Mooring Riser,3-Wavelength Fluorometer: FLORT Series D,GP03FLMA-RIS01-05-FLORTD000,CGINS-FLORTD-01116,BBFL2W-1116,2,-9999999,CGINS-FLORTD-01116__20130925.csv,https://github.com/ooi-integration/asset-management/blob/master/calibration/FLORTD/CGINS-FLORTD-01116__20130925.csv,Calibration coefficients were modified,2014-06-18 05:56,2015-06-05 14:53,MODIFIED COEFFICIENT: A metadata review found that the CDOM calibration values for the sensor (GP03FLMA-RIS01-05-FLORTD000) were incorrect for all of deployment 2 due to biased primary and secondary calibration standards which would result in delivery of incorrect L1 or L2 derived values during that time range. The erroneous calibration values have now been entered and verified as of XXXX. All derived L1 and L2 values generated prior to the annotation date for deployment 2 for the time range 2014-06-18 05:56 to 2015-06-05 14:53 should be re-requested in order to ensure utilization of correct calibration values. The updated values can be viewed at https://github.com/ooi-integration/asset-management/blob/master/calibration/FLORTD/CGINS-FLORTD-01116__20130925.csv.
Global Station Papa,Flanking Subsurface Mooring A,Mooring Riser,3-Wavelength Fluorometer: FLORT Series D,GP03FLMA-RIS01-05-FLORTD000,CGINS-FLORTD-01116,BBFL2W-1116,4,-9999999,CGINS-FLORTD-01116__20151207.csv,https://github.com/ooi-integration/asset-management/blob/master/calibration/FLORTD/CGINS-FLORTD-01116__20151207.csv,Calibration coefficients were modified,2016-07-01 01:07,2017-07-18 15:13,MODIFIED COEFFICIENT: A metadata review found that the CDOM calibration values for the sensor (GP03FLMA-RIS01-05-FLORTD000) were incorrect for all of deployment 4 due to biased primary and secondary calibration standards which would result in delivery of incorrect L1 or L2 derived values during that time range. The erroneous calibration values have now been entered and verified as of XXXX. All derived L1 and L2 values generated prior to the annotation date for deployment 4 for the time range 2016-07-01 01:07 to 2017-07-18 15:13 should be re-requested in order to ensure utilization of correct calibration values. The updated values can be viewed at https://github.com/ooi-integration/asset-management/blob/master/calibration/FLORTD/CGINS-FLORTD-01116__20151207.csv.
Global Southern Ocean,Apex Surface Mooring,Near Surface Instrument Frame,3-Wavelength Fluorometer: FLORT Series D,GS01SUMO-RID16-02-FLORTD000,CGINS-FLORTD-01116,BBFL2W-1116,4,-9999999,CGINS-FLORTD-01116__20171011.csv,https://github.com/ooi-integration/asset-management/blob/master/calibration/FLORTD/CGINS-FLORTD-01116__20171011.csv,Calibration coefficients were modified,2018-12-04 17:10,2020-01-20 10:01,MODIFIED COEFFICIENT: A metadata review found that the CDOM calibration values for the sensor (GS01SUMO-RID16-02-FLORTD000) were incorrect for all of deployment 4 due to biased primary and secondary calibration standards which would result in delivery of incorrect L1 or L2 derived values during that time range. The erroneous calibration values have now been entered and verified as of XXXX. All derived L1 and L2 values generated prior to the annotation date for deployment 4 for the time range 2018-12-04 17:10 to 2020-01-20 10:01 should be re-requested in order to ensure utilization of correct calibration values. The updated values can be viewed at https://github.com/ooi-integration/asset-management/blob/master/calibration/FLORTD/CGINS-FLORTD-01116__20171011.csv.
Global Irminger Sea,Apex Surface Mooring,Surface Buoy,3-Wavelength Fluorometer: FLORT Series D,GI01SUMO-SBD12-02-FLORTD000,CGINS-FLORTD-01116,BBFL2W-1116,8,-9999999,CGINS-FLORTD-01116__20201110.csv,https://github.com/ooi-integration/asset-management/blob/master/calibration/FLORTD/CGINS-FLORTD-01116__20201110.csv,Calibration coefficients were modified,2021-08-12 17:04,2022-07-06 08:32,MODIFIED COEFFICIENT: A metadata review found that the CDOM calibration values for the sensor (GI01SUMO-SBD12-02-FLORTD000) were incorrect for all of deployment 8 due to biased primary and secondary calibration standards which would result in delivery of incorrect L1 or L2 derived values during that time range. The erroneous calibration values have now been entered and verified as of XXXX. All derived L1 and L2 values generated prior to the annotation date for deployment 8 for the time range 2021-08-12 17:04 to 2022-07-06 08:32 should be re-requested in order to ensure utilization of correct calibration values. The updated values can be viewed at https://github.com/ooi-integration/asset-management/blob/master/calibration/FLORTD/CGINS-FLORTD-01116__20201110.csv.
Global Station Papa,Flanking Subsurface Mooring A,Mooring Riser,3-Wavelength Fluorometer: FLORT Series D,GP03FLMA-RIS01-05-FLORTD000,CGINS-FLORTD-01116,BBFL2W-1116,10,-9999999,CGINS-FLORTD-01116__20220923.csv,https://github.com/ooi-integration/asset-management/blob/master/calibration/FLORTD/CGINS-FLORTD-01116__20220923.csv,Calibration coefficients were modified,2023-05-18 19:23,2024-06-06 00:15,MODIFIED COEFFICIENT: A metadata review found that the CDOM calibration values for the sensor (GP03FLMA-RIS01-05-FLORTD000) were incorrect for all of deployment 10 due to biased primary and secondary calibration standards which would result in delivery of incorrect L1 or L2 derived values during that time range. The erroneous calibration values have now been entered and verified as of XXXX. All derived L1 and L2 values generated prior to the annotation date for deployment 10 for the time range 2023-05-18 19:23 to 2024-06-06 00:15 should be re-requested in order to ensure utilization of correct calibration values. The updated values can be viewed at https://github.com/ooi-integration/asset-management/blob/master/calibration/FLORTD/CGINS-FLORTD-01116__20220923.csv.
Global Irminger Sea,Flanking Subsurface Mooring A,Mooring Riser,3-Wavelength Fluorometer: FLORT Series D,GI03FLMA-RIS01-05-FLORTD000,CGINS-FLORTD-01122,BBFL2W-1122,1,-9999999,CGINS-FLORTD-01122__20130925.csv,https://github.com/ooi-integration/asset-management/blob/master/calibration/FLORTD/CGINS-FLORTD-01122__20130925.csv,Calibration coefficients were modified,2014-09-12 20:11,2015-08-18 09:00,MODIFIED COEFFICIENT: A metadata review found that the CDOM calibration values for the sensor (GI03FLMA-RIS01-05-FLORTD000) were incorrect for all of deployment 1 due to biased primary and secondary calibration standards which would result in delivery of incorrect L1 or L2 derived values during that time range. The erroneous calibration values have now been entered and verified as of XXXX. All derived L1 and L2 values generated prior to the annotation date for deployment 1 for the time range 2014-09-12 20:11 to 2015-08-18 09:00 should be re-requested in order to ensure utilization of correct calibration values. The updated values can be viewed at https://github.com/ooi-integration/asset-management/blob/master/calibration/FLORTD/CGINS-FLORTD-01122__20130925.csv.
Global Irminger Sea,Flanking Subsurface Mooring B,Mooring Riser,3-Wavelength Fluorometer: FLORT Series D,GI03FLMB-RIS01-05-FLORTD000,CGINS-FLORTD-01122,BBFL2W-1122,3,-9999999,CGINS-FLORTD-01122__20160204.csv,https://github.com/ooi-integration/asset-management/blob/master/calibration/FLORTD/CGINS-FLORTD-01122__20160204.csv,Calibration coefficients were modified,2016-07-13 15:49,2017-08-11 10:15,MODIFIED COEFFICIENT: A metadata review found that the CDOM calibration values for the sensor (GI03FLMB-RIS01-05-FLORTD000) were incorrect for all of deployment 3 due to biased primary and secondary calibration standards which would result in delivery of incorrect L1 or L2 derived values during that time range. The erroneous calibration values have now been entered and verified as of XXXX. All derived L1 and L2 values generated prior to the annotation date for deployment 3 for the time range 2016-07-13 15:49 to 2017-08-11 10:15 should be re-requested in order to ensure utilization of correct calibration values. The updated values can be viewed at https://github.com/ooi-integration/asset-management/blob/master/calibration/FLORTD/CGINS-FLORTD-01122__20160204.csv.
Global Station Papa,Flanking Subsurface Mooring A,Mooring Riser,3-Wavelength Fluorometer: FLORT Series D,GP03FLMA-RIS01-05-FLORTD000,CGINS-FLORTD-01122,BBFL2W-1122,7,-9999999,CGINS-FLORTD-01122__20180627.csv,https://github.com/ooi-integration/asset-management/blob/master/calibration/FLORTD/CGINS-FLORTD-01122__20180627.csv,Calibration coefficients were modified,2019-09-29 04:40,2021-07-26 18:24,MODIFIED COEFFICIENT: A metadata review found that the CDOM calibration values for the sensor (GP03FLMA-RIS01-05-FLORTD000) were incorrect for all of deployment 7 due to biased primary and secondary calibration standards which would result in delivery of incorrect L1 or L2 derived values during that time range. The erroneous calibration values have now been entered and verified as of XXXX. All derived L1 and L2 values generated prior to the annotation date for deployment 7 for the time range 2019-09-29 04:40 to 2021-07-26 18:24 should be re-requested in order to ensure utilization of correct calibration values. The updated values can be viewed at https://github.com/ooi-integration/asset-management/blob/master/calibration/FLORTD/CGINS-FLORTD-01122__20180627.csv.
Global Station Papa,Flanking Subsurface Mooring B,Mooring Riser,3-Wavelength Fluorometer: FLORT Series D,GP03FLMB-RIS01-05-FLORTD000,CGINS-FLORTD-01124,BBFL2W-1124,2,-9999999,CGINS-FLORTD-01124__20130927.csv,https://github.com/ooi-integration/asset-management/blob/master/calibration/FLORTD/CGINS-FLORTD-01124__20130927.csv,Calibration coefficients were modified,2014-06-20 03:20,2015-06-06 01:40,MODIFIED COEFFICIENT: A metadata review found that the CDOM calibration values for the sensor (GP03FLMB-RIS01-05-FLORTD000) were incorrect for all of deployment 2 due to biased primary and secondary calibration standards which would result in delivery of incorrect L1 or L2 derived values during that time range. The erroneous calibration values have now been entered and verified as of XXXX. All derived L1 and L2 values generated prior to the annotation date for deployment 2 for the time range 2014-06-20 03:20 to 2015-06-06 01:40 should be re-requested in order to ensure utilization of correct calibration values. The updated values can be viewed at https://github.com/ooi-integration/asset-management/blob/master/calibration/FLORTD/CGINS-FLORTD-01124__20130927.csv.
Global Station Papa,Flanking Subsurface Mooring A,Mooring Riser,3-Wavelength Fluorometer: FLORT Series D,GP03FLMA-RIS01-05-FLORTD000,CGINS-FLORTD-01124,BBFL2W-1124,5,-9999999,CGINS-FLORTD-01124__20151218.csv,https://github.com/ooi-integration/asset-management/blob/master/calibration/FLORTD/CGINS-FLORTD-01124__20151218.csv,Calibration coefficients were modified,2017-07-13 23:00,2018-07-26 15:51,MODIFIED COEFFICIENT: A metadata review found that the CDOM calibration values for the sensor (GP03FLMA-RIS01-05-FLORTD000) were incorrect for all of deployment 5 due to biased primary and secondary calibration standards which would result in delivery of incorrect L1 or L2 derived values during that time range. The erroneous calibration values have now been entered and verified as of XXXX. All derived L1 and L2 values generated prior to the annotation date for deployment 5 for the time range 2017-07-13 23:00 to 2018-07-26 15:51 should be re-requested in order to ensure utilization of correct calibration values. The updated values can be viewed at https://github.com/ooi-integration/asset-management/blob/master/calibration/FLORTD/CGINS-FLORTD-01124__20151218.csv.
Global Irminger Sea,Apex Surface Mooring,Near Surface Instrument Frame,3-Wavelength Fluorometer: FLORT Series D,GI01SUMO-RID16-02-FLORTD000,CGINS-FLORTD-01124,BBFL2W-1124,10,-9999999,CGINS-FLORTD-01124__20181003.csv,https://github.com/ooi-integration/asset-management/blob/master/calibration/FLORTD/CGINS-FLORTD-01124__20181003.csv,Calibration coefficients were modified,2023-08-31 16:00,2024-06-16 10:04,MODIFIED COEFFICIENT: A metadata review found that the CDOM calibration values for the sensor (GI01SUMO-RID16-02-FLORTD000) were incorrect for all of deployment 10 due to biased primary and secondary calibration standards which would result in delivery of incorrect L1 or L2 derived values during that time range. The erroneous calibration values have now been entered and verified as of XXXX. All derived L1 and L2 values generated prior to the annotation date for deployment 10 for the time range 2023-08-31 16:00 to 2024-06-16 10:04 should be re-requested in order to ensure utilization of correct calibration values. The updated values can be viewed at https://github.com/ooi-integration/asset-management/blob/master/calibration/FLORTD/CGINS-FLORTD-01124__20181003.csv.
Global Irminger Sea,Apex Surface Mooring,Near Surface Instrument Frame,3-Wavelength Fluorometer: FLORT Series D,GI01SUMO-RID16-02-FLORTD000,CGINS-FLORTD-01124,BBFL2W-1124,10,-9999999,CGINS-FLORTD-01124__20220927.csv,https://github.com/ooi-integration/asset-management/blob/master/calibration/FLORTD/CGINS-FLORTD-01124__20220927.csv,Calibration coefficients were modified,2023-08-31 16:00,2024-06-16 10:04,MODIFIED COEFFICIENT: A metadata review found that the CDOM calibration values for the sensor (GI01SUMO-RID16-02-FLORTD000) were incorrect for all of deployment 10 due to biased primary and secondary calibration standards which would result in delivery of incorrect L1 or L2 derived values during that time range. The erroneous calibration values have now been entered and verified as of XXXX. All derived L1 and L2 values generated prior to the annotation date for deployment 10 for the time range 2023-08-31 16:00 to 2024-06-16 10:04 should be re-requested in order to ensure utilization of correct calibration values. The updated values can be viewed at https://github.com/ooi-integration/asset-management/blob/master/calibration/FLORTD/CGINS-FLORTD-01124__20220927.csv.
Global Southern Ocean,Apex Surface Mooring,Surface Buoy,3-Wavelength Fluorometer: FLORT Series D,GS01SUMO-SBD12-02-FLORTD000,CGINS-FLORTD-01212,BBFL2W-1212,1,-9999999,CGINS-FLORTD-01212__20140819.csv,https://github.com/ooi-integration/asset-management/blob/master/calibration/FLORTD/CGINS-FLORTD-01212__20140819.csv,Calibration coefficients were modified,2015-02-18 21:06,2015-12-27 11:20,MODIFIED COEFFICIENT: A metadata review found that the CDOM calibration values for the sensor (GS01SUMO-SBD12-02-FLORTD000) were incorrect for all of deployment 1 due to biased primary and secondary calibration standards which would result in delivery of incorrect L1 or L2 derived values during that time range. The erroneous calibration values have now been entered and verified as of XXXX. All derived L1 and L2 values generated prior to the annotation date for deployment 1 for the time range 2015-02-18 21:06 to 2015-12-27 11:20 should be re-requested in order to ensure utilization of correct calibration values. The updated values can be viewed at https://github.com/ooi-integration/asset-management/blob/master/calibration/FLORTD/CGINS-FLORTD-01212__20140819.csv.
Global Argentine Basin,Apex Surface Mooring,Near Surface Instrument Frame,3-Wavelength Fluorometer: FLORT Series D,GA01SUMO-RID16-02-FLORTD000,CGINS-FLORTD-01212,BBFL2W-1212,3,-9999999,CGINS-FLORTD-01212__20160518.csv,https://github.com/ooi-integration/asset-management/blob/master/calibration/FLORTD/CGINS-FLORTD-01212__20160518.csv,Calibration coefficients were modified,2016-10-27 01:47,2018-01-14 10:24,MODIFIED COEFFICIENT: A metadata review found that the CDOM calibration values for the sensor (GA01SUMO-RID16-02-FLORTD000) were incorrect for all of deployment 3 due to biased primary and secondary calibration standards which would result in delivery of incorrect L1 or L2 derived values during that time range. The erroneous calibration values have now been entered and verified as of XXXX. All derived L1 and L2 values generated prior to the annotation date for deployment 3 for the time range 2016-10-27 01:47 to 2018-01-14 10:24 should be re-requested in order to ensure utilization of correct calibration values. The updated values can be viewed at https://github.com/ooi-integration/asset-management/blob/master/calibration/FLORTD/CGINS-FLORTD-01212__20160518.csv.
Global Irminger Sea,Flanking Subsurface Mooring A,Mooring Riser,3-Wavelength Fluorometer: FLORT Series D,GI03FLMA-RIS01-05-FLORTD000,CGINS-FLORTD-01212,BBFL2W-1212,6,-9999999,CGINS-FLORTD-01212__20180329.csv,https://github.com/ooi-integration/asset-management/blob/master/calibration/FLORTD/CGINS-FLORTD-01212__20180329.csv,Calibration coefficients were modified,2019-08-07 13:34,2020-08-27 10:54,MODIFIED COEFFICIENT: A metadata review found that the CDOM calibration values for the sensor (GI03FLMA-RIS01-05-FLORTD000) were incorrect for all of deployment 6 due to biased primary and secondary calibration standards which would result in delivery of incorrect L1 or L2 derived values during that time range. The erroneous calibration values have now been entered and verified as of XXXX. All derived L1 and L2 values generated prior to the annotation date for deployment 6 for the time range 2019-08-07 13:34 to 2020-08-27 10:54 should be re-requested in order to ensure utilization of correct calibration values. The updated values can be viewed at https://github.com/ooi-integration/asset-management/blob/master/calibration/FLORTD/CGINS-FLORTD-01212__20180329.csv.
Global Irminger Sea,Apex Surface Mooring,Surface Buoy,3-Wavelength Fluorometer: FLORT Series D,GI01SUMO-SBD12-02-FLORTD000,CGINS-FLORTD-01212,BBFL2W-1212,9,-9999999,CGINS-FLORTD-01212__20211223.csv,https://github.com/ooi-integration/asset-management/blob/master/calibration/FLORTD/CGINS-FLORTD-01212__20211223.csv,Calibration coefficients were modified,2022-06-30 15:54,2023-09-10 10:12,MODIFIED COEFFICIENT: A metadata review found that the CDOM calibration values for the sensor (GI01SUMO-SBD12-02-FLORTD000) were incorrect for all of deployment 9 due to biased primary and secondary calibration standards which would result in delivery of incorrect L1 or L2 derived values during that time range. The erroneous calibration values have now been entered and verified as of XXXX. All derived L1 and L2 values generated prior to the annotation date for deployment 9 for the time range 2022-06-30 15:54 to 2023-09-10 10:12 should be re-requested in order to ensure utilization of correct calibration values. The updated values can be viewed at https://github.com/ooi-integration/asset-management/blob/master/calibration/FLORTD/CGINS-FLORTD-01212__20211223.csv.
Coastal Pioneer NES,Central Surface Mooring,Near Surface Instrument Frame,3-Wavelength Fluorometer: FLORT Series D,CP01CNSM-RID27-02-FLORTD000,CGINS-FLORTD-01213,BBFL2W-1213,5,-9999999,CGINS-FLORTD-01213__20140625.csv,https://github.com/ooi-integration/asset-management/blob/master/calibration/FLORTD/CGINS-FLORTD-01213__20140625.csv,Calibration coefficients were modified,2016-05-13 13:50,2016-10-13 19:34,MODIFIED COEFFICIENT: A metadata review found that the CDOM calibration values for the sensor (CP01CNSM-RID27-02-FLORTD000) were incorrect for all of deployment 5 due to biased primary and secondary calibration standards which would result in delivery of incorrect L1 or L2 derived values during that time range. The erroneous calibration values have now been entered and verified as of XXXX. All derived L1 and L2 values generated prior to the annotation date for deployment 5 for the time range 2016-05-13 13:50 to 2016-10-13 19:34 should be re-requested in order to ensure utilization of correct calibration values. The updated values can be viewed at https://github.com/ooi-integration/asset-management/blob/master/calibration/FLORTD/CGINS-FLORTD-01213__20140625.csv.
Coastal Pioneer NES,Central Surface Mooring,Near Surface Instrument Frame,3-Wavelength Fluorometer: FLORT Series D,CP01CNSM-RID27-02-FLORTD000,CGINS-FLORTD-01213,BBFL2W-1213,8,-9999999,CGINS-FLORTD-01213__20170105.csv,https://github.com/ooi-integration/asset-management/blob/master/calibration/FLORTD/CGINS-FLORTD-01213__20170105.csv,Calibration coefficients were modified,2017-10-29 14:15,2018-03-29 19:37,MODIFIED COEFFICIENT: A metadata review found that the CDOM calibration values for the sensor (CP01CNSM-RID27-02-FLORTD000) were incorrect for all of deployment 8 due to biased primary and secondary calibration standards which would result in delivery of incorrect L1 or L2 derived values during that time range. The erroneous calibration values have now been entered and verified as of XXXX. All derived L1 and L2 values generated prior to the annotation date for deployment 8 for the time range 2017-10-29 14:15 to 2018-03-29 19:37 should be re-requested in order to ensure utilization of correct calibration values. The updated values can be viewed at https://github.com/ooi-integration/asset-management/blob/master/calibration/FLORTD/CGINS-FLORTD-01213__20170105.csv.
Global Irminger Sea,Apex Surface Mooring,Near Surface Instrument Frame,3-Wavelength Fluorometer: FLORT Series D,GI01SUMO-RID16-02-FLORTD000,CGINS-FLORTD-01213,BBFL2W-1213,6,-9999999,CGINS-FLORTD-01213__20180731.csv,https://github.com/ooi-integration/asset-management/blob/master/calibration/FLORTD/CGINS-FLORTD-01213__20180731.csv,Calibration coefficients were modified,2019-08-05 15:29,2020-08-26 10:41,MODIFIED COEFFICIENT: A metadata review found that the CDOM calibration values for the sensor (GI01SUMO-RID16-02-FLORTD000) were incorrect for all of deployment 6 due to biased primary and secondary calibration standards which would result in delivery of incorrect L1 or L2 derived values during that time range. The erroneous calibration values have now been entered and verified as of XXXX. All derived L1 and L2 values generated prior to the annotation date for deployment 6 for the time range 2019-08-05 15:29 to 2020-08-26 10:41 should be re-requested in order to ensure utilization of correct calibration values. The updated values can be viewed at https://github.com/ooi-integration/asset-management/blob/master/calibration/FLORTD/CGINS-FLORTD-01213__20180731.csv.
Global Irminger Sea,Apex Surface Mooring,Near Surface Instrument Frame,3-Wavelength Fluorometer: FLORT Series D,GI01SUMO-RID16-02-FLORTD000,CGINS-FLORTD-01213,BBFL2W-1213,8,-9999999,CGINS-FLORTD-01213__20201112.csv,https://github.com/ooi-integration/asset-management/blob/master/calibration/FLORTD/CGINS-FLORTD-01213__20201112.csv,Calibration coefficients were modified,2021-08-12 17:04,2022-07-06 08:32,MODIFIED COEFFICIENT: A metadata review found that the CDOM calibration values for the sensor (GI01SUMO-RID16-02-FLORTD000) were incorrect for all of deployment 8 due to biased primary and secondary calibration standards which would result in delivery of incorrect L1 or L2 derived values during that time range. The erroneous calibration values have now been entered and verified as of XXXX. All derived L1 and L2 values generated prior to the annotation date for deployment 8 for the time range 2021-08-12 17:04 to 2022-07-06 08:32 should be re-requested in order to ensure utilization of correct calibration values. The updated values can be viewed at https://github.com/ooi-integration/asset-management/blob/master/calibration/FLORTD/CGINS-FLORTD-01213__20201112.csv.
Global Argentine Basin,Apex Surface Mooring,Near Surface Instrument Frame,3-Wavelength Fluorometer: FLORT Series D,GA01SUMO-RID16-02-FLORTD000,CGINS-FLORTD-01214,BBFL2W-1214,1,-9999999,CGINS-FLORTD-01214__20140625.csv,https://github.com/ooi-integration/asset-management/blob/master/calibration/FLORTD/CGINS-FLORTD-01214__20140625.csv,Calibration coefficients were modified,2015-03-15 21:25,2015-11-26 10:08,MODIFIED COEFFICIENT: A metadata review found that the CDOM calibration values for the sensor (GA01SUMO-RID16-02-FLORTD000) were incorrect for all of deployment 1 due to biased primary and secondary calibration standards which would result in delivery of incorrect L1 or L2 derived values during that time range. The erroneous calibration values have now been entered and verified as of XXXX. All derived L1 and L2 values generated prior to the annotation date for deployment 1 for the time range 2015-03-15 21:25 to 2015-11-26 10:08 should be re-requested in order to ensure utilization of correct calibration values. The updated values can be viewed at https://github.com/ooi-integration/asset-management/blob/master/calibration/FLORTD/CGINS-FLORTD-01214__20140625.csv.
Global Southern Ocean,Flanking Subsurface Mooring B,Mooring Riser,3-Wavelength Fluorometer: FLORT Series D,GS03FLMB-RIS01-05-FLORTD000,CGINS-FLORTD-01214,BBFL2W-1214,3,-9999999,CGINS-FLORTD-01214__20160622.csv,https://github.com/ooi-integration/asset-management/blob/master/calibration/FLORTD/CGINS-FLORTD-01214__20160622.csv,Calibration coefficients were modified,2016-12-03 19:08,2017-12-03 12:32,MODIFIED COEFFICIENT: A metadata review found that the CDOM calibration values for the sensor (GS03FLMB-RIS01-05-FLORTD000) were incorrect for all of deployment 3 due to biased primary and secondary calibration standards which would result in delivery of incorrect L1 or L2 derived values during that time range. The erroneous calibration values have now been entered and verified as of XXXX. All derived L1 and L2 values generated prior to the annotation date for deployment 3 for the time range 2016-12-03 19:08 to 2017-12-03 12:32 should be re-requested in order to ensure utilization of correct calibration values. The updated values can be viewed at https://github.com/ooi-integration/asset-management/blob/master/calibration/FLORTD/CGINS-FLORTD-01214__20160622.csv.
Coastal Pioneer NES,Central Surface Mooring,Near Surface Instrument Frame,3-Wavelength Fluorometer: FLORT Series D,CP01CNSM-RID27-02-FLORTD000,CGINS-FLORTD-01214,BBFL2W-1214,11,-9999999,CGINS-FLORTD-01214__20180801.csv,https://github.com/ooi-integration/asset-management/blob/master/calibration/FLORTD/CGINS-FLORTD-01214__20180801.csv,Calibration coefficients were modified,2019-04-06 14:35,2019-09-26 17:15,MODIFIED COEFFICIENT: A metadata review found that the CDOM calibration values for the sensor (CP01CNSM-RID27-02-FLORTD000) were incorrect for all of deployment 11 due to biased primary and secondary calibration standards which would result in delivery of incorrect L1 or L2 derived values during that time range. The erroneous calibration values have now been entered and verified as of XXXX. All derived L1 and L2 values generated prior to the annotation date for deployment 11 for the time range 2019-04-06 14:35 to 2019-09-26 17:15 should be re-requested in order to ensure utilization of correct calibration values. The updated values can be viewed at https://github.com/ooi-integration/asset-management/blob/master/calibration/FLORTD/CGINS-FLORTD-01214__20180801.csv.
Coastal Pioneer NES,Inshore Surface Mooring,Near Surface Instrument Frame,3-Wavelength Fluorometer: FLORT Series D,CP03ISSM-RID27-02-FLORTD000,CGINS-FLORTD-01214,BBFL2W-1214,12,-9999999,CGINS-FLORTD-01214__20200129.csv,https://github.com/ooi-integration/asset-management/blob/master/calibration/FLORTD/CGINS-FLORTD-01214__20200129.csv,Calibration coefficients were modified,2020-10-31 19:31,2021-03-31 19:02,MODIFIED COEFFICIENT: A metadata review found that the CDOM calibration values for the sensor (CP03ISSM-RID27-02-FLORTD000) were incorrect for all of deployment 12 due to biased primary and secondary calibration standards which would result in delivery of incorrect L1 or L2 derived values during that time range. The erroneous calibration values have now been entered and verified as of XXXX. All derived L1 and L2 values generated prior to the annotation date for deployment 12 for the time range 2020-10-31 19:31 to 2021-03-31 19:02 should be re-requested in order to ensure utilization of correct calibration values. The updated values can be viewed at https://github.com/ooi-integration/asset-management/blob/master/calibration/FLORTD/CGINS-FLORTD-01214__20200129.csv.
Coastal Pioneer NES,Central Surface Mooring,Near Surface Instrument Frame,3-Wavelength Fluorometer: FLORT Series D,CP01CNSM-RID27-02-FLORTD000,CGINS-FLORTD-01214,BBFL2W-1214,16,-9999999,CGINS-FLORTD-01214__20210706.csv,https://github.com/ooi-integration/asset-management/blob/master/calibration/FLORTD/CGINS-FLORTD-01214__20210706.csv,Calibration coefficients were modified,2022-04-10 14:35,2022-11-11 13:21,MODIFIED COEFFICIENT: A metadata review found that the CDOM calibration values for the sensor (CP01CNSM-RID27-02-FLORTD000) were incorrect for all of deployment 16 due to biased primary and secondary calibration standards which would result in delivery of incorrect L1 or L2 derived values during that time range. The erroneous calibration values have now been entered and verified as of XXXX. All derived L1 and L2 values generated prior to the annotation date for deployment 16 for the time range 2022-04-10 14:35 to 2022-11-11 13:21 should be re-requested in order to ensure utilization of correct calibration values. The updated values can be viewed at https://github.com/ooi-integration/asset-management/blob/master/calibration/FLORTD/CGINS-FLORTD-01214__20210706.csv.
Global Argentine Basin,Flanking Subsurface Mooring A,Mooring Riser,3-Wavelength Fluorometer: FLORT Series D,GA03FLMA-RIS01-05-FLORTD000,CGINS-FLORTD-01215,BBFL2W-1215,1,-9999999,CGINS-FLORTD-01215__20140812.csv,https://github.com/ooi-integration/asset-management/blob/master/calibration/FLORTD/CGINS-FLORTD-01215__20140812.csv,Calibration coefficients were modified,2015-03-17 19:45,2015-11-22 12:08,MODIFIED COEFFICIENT: A metadata review found that the CDOM calibration values for the sensor (GA03FLMA-RIS01-05-FLORTD000) were incorrect for all of deployment 1 due to biased primary and secondary calibration standards which would result in delivery of incorrect L1 or L2 derived values during that time range. The erroneous calibration values have now been entered and verified as of XXXX. All derived L1 and L2 values generated prior to the annotation date for deployment 1 for the time range 2015-03-17 19:45 to 2015-11-22 12:08 should be re-requested in order to ensure utilization of correct calibration values. The updated values can be viewed at https://github.com/ooi-integration/asset-management/blob/master/calibration/FLORTD/CGINS-FLORTD-01215__20140812.csv.
Global Argentine Basin,Flanking Subsurface Mooring B,Mooring Riser,3-Wavelength Fluorometer: FLORT Series D,GA03FLMB-RIS01-05-FLORTD000,CGINS-FLORTD-01215,BBFL2W-1215,3,-9999999,CGINS-FLORTD-01215__20160512.csv,https://github.com/ooi-integration/asset-management/blob/master/calibration/FLORTD/CGINS-FLORTD-01215__20160512.csv,Calibration coefficients were modified,2016-10-31 22:37,2018-01-12 10:56,MODIFIED COEFFICIENT: A metadata review found that the CDOM calibration values for the sensor (GA03FLMB-RIS01-05-FLORTD000) were incorrect for all of deployment 3 due to biased primary and secondary calibration standards which would result in delivery of incorrect L1 or L2 derived values during that time range. The erroneous calibration values have now been entered and verified as of XXXX. All derived L1 and L2 values generated prior to the annotation date for deployment 3 for the time range 2016-10-31 22:37 to 2018-01-12 10:56 should be re-requested in order to ensure utilization of correct calibration values. The updated values can be viewed at https://github.com/ooi-integration/asset-management/blob/master/calibration/FLORTD/CGINS-FLORTD-01215__20160512.csv.
Coastal Pioneer NES,Central Surface Mooring,Near Surface Instrument Frame,3-Wavelength Fluorometer: FLORT Series D,CP01CNSM-RID27-02-FLORTD000,CGINS-FLORTD-01215,BBFL2W-1215,13,-9999999,CGINS-FLORTD-01215__20180830.csv,https://github.com/ooi-integration/asset-management/blob/master/calibration/FLORTD/CGINS-FLORTD-01215__20180830.csv,Calibration coefficients were modified,2020-10-29 14:57,2021-04-03 12:05,MODIFIED COEFFICIENT: A metadata review found that the CDOM calibration values for the sensor (CP01CNSM-RID27-02-FLORTD000) were incorrect for all of deployment 13 due to biased primary and secondary calibration standards which would result in delivery of incorrect L1 or L2 derived values during that time range. The erroneous calibration values have now been entered and verified as of XXXX. All derived L1 and L2 values generated prior to the annotation date for deployment 13 for the time range 2020-10-29 14:57 to 2021-04-03 12:05 should be re-requested in order to ensure utilization of correct calibration values. The updated values can be viewed at https://github.com/ooi-integration/asset-management/blob/master/calibration/FLORTD/CGINS-FLORTD-01215__20180830.csv.
Coastal Pioneer NES,Central Surface Mooring,Near Surface Instrument Frame,3-Wavelength Fluorometer: FLORT Series D,CP01CNSM-RID27-02-FLORTD000,CGINS-FLORTD-01215,BBFL2W-1215,15,-9999999,CGINS-FLORTD-01215__20210706.csv,https://github.com/ooi-integration/asset-management/blob/master/calibration/FLORTD/CGINS-FLORTD-01215__20210706.csv,Calibration coefficients were modified,2021-11-03 14:45,2022-04-13 12:05,MODIFIED COEFFICIENT: A metadata review found that the CDOM calibration values for the sensor (CP01CNSM-RID27-02-FLORTD000) were incorrect for all of deployment 15 due to biased primary and secondary calibration standards which would result in delivery of incorrect L1 or L2 derived values during that time range. The erroneous calibration values have now been entered and verified as of XXXX. All derived L1 and L2 values generated prior to the annotation date for deployment 15 for the time range 2021-11-03 14:45 to 2022-04-13 12:05 should be re-requested in order to ensure utilization of correct calibration values. The updated values can be viewed at https://github.com/ooi-integration/asset-management/blob/master/calibration/FLORTD/CGINS-FLORTD-01215__20210706.csv.
Global Station Papa,Flanking Subsurface Mooring A,Mooring Riser,3-Wavelength Fluorometer: FLORT Series D,GP03FLMA-RIS01-05-FLORTD000,CGINS-FLORTD-01216,BBFL2W-1216,3,-9999999,CGINS-FLORTD-01216__20140812.csv,https://github.com/ooi-integration/asset-management/blob/master/calibration/FLORTD/CGINS-FLORTD-01216__20140812.csv,Calibration coefficients were modified,2015-06-06 22:40,2016-06-28 15:02,MODIFIED COEFFICIENT: A metadata review found that the CDOM calibration values for the sensor (GP03FLMA-RIS01-05-FLORTD000) were incorrect for all of deployment 3 due to biased primary and secondary calibration standards which would result in delivery of incorrect L1 or L2 derived values during that time range. The erroneous calibration values have now been entered and verified as of XXXX. All derived L1 and L2 values generated prior to the annotation date for deployment 3 for the time range 2015-06-06 22:40 to 2016-06-28 15:02 should be re-requested in order to ensure utilization of correct calibration values. The updated values can be viewed at https://github.com/ooi-integration/asset-management/blob/master/calibration/FLORTD/CGINS-FLORTD-01216__20140812.csv.
Coastal Pioneer NES,Offshore Surface Mooring,Near Surface Instrument Frame,3-Wavelength Fluorometer: FLORT Series D,CP04OSSM-RID27-02-FLORTD000,CGINS-FLORTD-01216,BBFL2W-1216,6,-9999999,CGINS-FLORTD-01216__20160929.csv,https://github.com/ooi-integration/asset-management/blob/master/calibration/FLORTD/CGINS-FLORTD-01216__20160929.csv,Calibration coefficients were modified,2017-06-06 14:51,2017-11-02 14:15,MODIFIED COEFFICIENT: A metadata review found that the CDOM calibration values for the sensor (CP04OSSM-RID27-02-FLORTD000) were incorrect for all of deployment 6 due to biased primary and secondary calibration standards which would result in delivery of incorrect L1 or L2 derived values during that time range. The erroneous calibration values have now been entered and verified as of XXXX. All derived L1 and L2 values generated prior to the annotation date for deployment 6 for the time range 2017-06-06 14:51 to 2017-11-02 14:15 should be re-requested in order to ensure utilization of correct calibration values. The updated values can be viewed at https://github.com/ooi-integration/asset-management/blob/master/calibration/FLORTD/CGINS-FLORTD-01216__20160929.csv.
Coastal Pioneer NES,Central Surface Mooring,Near Surface Instrument Frame,3-Wavelength Fluorometer: FLORT Series D,CP01CNSM-RID27-02-FLORTD000,CGINS-FLORTD-01216,BBFL2W-1216,10,-9999999,CGINS-FLORTD-01216__20171229.csv,https://github.com/ooi-integration/asset-management/blob/master/calibration/FLORTD/CGINS-FLORTD-01216__20171229.csv,Calibration coefficients were modified,2018-10-30 01:48,2019-04-07 18:08,MODIFIED COEFFICIENT: A metadata review found that the CDOM calibration values for the sensor (CP01CNSM-RID27-02-FLORTD000) were incorrect for all of deployment 10 due to biased primary and secondary calibration standards which would result in delivery of incorrect L1 or L2 derived values during that time range. The erroneous calibration values have now been entered and verified as of XXXX. All derived L1 and L2 values generated prior to the annotation date for deployment 10 for the time range 2018-10-30 01:48 to 2019-04-07 18:08 should be re-requested in order to ensure utilization of correct calibration values. The updated values can be viewed at https://github.com/ooi-integration/asset-management/blob/master/calibration/FLORTD/CGINS-FLORTD-01216__20171229.csv.
Coastal Pioneer NES,Offshore Surface Mooring,Near Surface Instrument Frame,3-Wavelength Fluorometer: FLORT Series D,CP04OSSM-RID27-02-FLORTD000,CGINS-FLORTD-01216,BBFL2W-1216,12,-9999999,CGINS-FLORTD-01216__20200116.csv,https://github.com/ooi-integration/asset-management/blob/master/calibration/FLORTD/CGINS-FLORTD-01216__20200116.csv,Calibration coefficients were modified,2020-11-04 15:33,2021-04-04 12:06,MODIFIED COEFFICIENT: A metadata review found that the CDOM calibration values for the sensor (CP04OSSM-RID27-02-FLORTD000) were incorrect for all of deployment 12 due to biased primary and secondary calibration standards which would result in delivery of incorrect L1 or L2 derived values during that time range. The erroneous calibration values have now been entered and verified as of XXXX. All derived L1 and L2 values generated prior to the annotation date for deployment 12 for the time range 2020-11-04 15:33 to 2021-04-04 12:06 should be re-requested in order to ensure utilization of correct calibration values. The updated values can be viewed at https://github.com/ooi-integration/asset-management/blob/master/calibration/FLORTD/CGINS-FLORTD-01216__20200116.csv.
Coastal Pioneer NES,Offshore Surface Mooring,Near Surface Instrument Frame,3-Wavelength Fluorometer: FLORT Series D,CP04OSSM-RID27-02-FLORTD000,CGINS-FLORTD-01216,BBFL2W-1216,15,-9999999,CGINS-FLORTD-01216__20210708.csv,https://github.com/ooi-integration/asset-management/blob/master/calibration/FLORTD/CGINS-FLORTD-01216__20210708.csv,Calibration coefficients were modified,2022-04-09 14:56,2022-11-10 13:36,MODIFIED COEFFICIENT: A metadata review found that the CDOM calibration values for the sensor (CP04OSSM-RID27-02-FLORTD000) were incorrect for all of deployment 15 due to biased primary and secondary calibration standards which would result in delivery of incorrect L1 or L2 derived values during that time range. The erroneous calibration values have now been entered and verified as of XXXX. All derived L1 and L2 values generated prior to the annotation date for deployment 15 for the time range 2022-04-09 14:56 to 2022-11-10 13:36 should be re-requested in order to ensure utilization of correct calibration values. The updated values can be viewed at https://github.com/ooi-integration/asset-management/blob/master/calibration/FLORTD/CGINS-FLORTD-01216__20210708.csv.
Global Southern Ocean,Flanking Subsurface Mooring B,Mooring Riser,3-Wavelength Fluorometer: FLORT Series D,GS03FLMB-RIS01-05-FLORTD000,CGINS-FLORTD-01217,BBFL2W-1217,1,-9999999,CGINS-FLORTD-01217__20140812.csv,https://github.com/ooi-integration/asset-management/blob/master/calibration/FLORTD/CGINS-FLORTD-01217__20140812.csv,Calibration coefficients were modified,2015-02-23 20:19,2015-12-19 16:40,MODIFIED COEFFICIENT: A metadata review found that the CDOM calibration values for the sensor (GS03FLMB-RIS01-05-FLORTD000) were incorrect for all of deployment 1 due to biased primary and secondary calibration standards which would result in delivery of incorrect L1 or L2 derived values during that time range. The erroneous calibration values have now been entered and verified as of XXXX. All derived L1 and L2 values generated prior to the annotation date for deployment 1 for the time range 2015-02-23 20:19 to 2015-12-19 16:40 should be re-requested in order to ensure utilization of correct calibration values. The updated values can be viewed at https://github.com/ooi-integration/asset-management/blob/master/calibration/FLORTD/CGINS-FLORTD-01217__20140812.csv.
Global Southern Ocean,Apex Surface Mooring,Near Surface Instrument Frame,3-Wavelength Fluorometer: FLORT Series D,GS01SUMO-RID16-02-FLORTD000,CGINS-FLORTD-01217,BBFL2W-1217,3,-9999999,CGINS-FLORTD-01217__20160525.csv,https://github.com/ooi-integration/asset-management/blob/master/calibration/FLORTD/CGINS-FLORTD-01217__20160525.csv,Calibration coefficients were modified,2016-11-25 01:11,2018-12-09 16:42,MODIFIED COEFFICIENT: A metadata review found that the CDOM calibration values for the sensor (GS01SUMO-RID16-02-FLORTD000) were incorrect for all of deployment 3 due to biased primary and secondary calibration standards which would result in delivery of incorrect L1 or L2 derived values during that time range. The erroneous calibration values have now been entered and verified as of XXXX. All derived L1 and L2 values generated prior to the annotation date for deployment 3 for the time range 2016-11-25 01:11 to 2018-12-09 16:42 should be re-requested in order to ensure utilization of correct calibration values. The updated values can be viewed at https://github.com/ooi-integration/asset-management/blob/master/calibration/FLORTD/CGINS-FLORTD-01217__20160525.csv.
Global Irminger Sea,Apex Surface Mooring,Near Surface Instrument Frame,3-Wavelength Fluorometer: FLORT Series D,GI01SUMO-RID16-02-FLORTD000,CGINS-FLORTD-01217,BBFL2W-1217,7,-9999999,CGINS-FLORTD-01217__20200117.csv,https://github.com/ooi-integration/asset-management/blob/master/calibration/FLORTD/CGINS-FLORTD-01217__20200117.csv,Calibration coefficients were modified,2020-08-17 17:34,2021-08-19 06:49,MODIFIED COEFFICIENT: A metadata review found that the CDOM calibration values for the sensor (GI01SUMO-RID16-02-FLORTD000) were incorrect for all of deployment 7 due to biased primary and secondary calibration standards which would result in delivery of incorrect L1 or L2 derived values during that time range. The erroneous calibration values have now been entered and verified as of XXXX. All derived L1 and L2 values generated prior to the annotation date for deployment 7 for the time range 2020-08-17 17:34 to 2021-08-19 06:49 should be re-requested in order to ensure utilization of correct calibration values. The updated values can be viewed at https://github.com/ooi-integration/asset-management/blob/master/calibration/FLORTD/CGINS-FLORTD-01217__20200117.csv.
Global Station Papa,Flanking Subsurface Mooring B,Mooring Riser,3-Wavelength Fluorometer: FLORT Series D,GP03FLMB-RIS01-05-FLORTD000,CGINS-FLORTD-01217,BBFL2W-1217,10,-9999999,CGINS-FLORTD-01217__20220926.csv,https://github.com/ooi-integration/asset-management/blob/master/calibration/FLORTD/CGINS-FLORTD-01217__20220926.csv,Calibration coefficients were modified,2023-05-19 19:40,2024-06-06 14:20,MODIFIED COEFFICIENT: A metadata review found that the CDOM calibration values for the sensor (GP03FLMB-RIS01-05-FLORTD000) were incorrect for all of deployment 10 due to biased primary and secondary calibration standards which would result in delivery of incorrect L1 or L2 derived values during that time range. The erroneous calibration values have now been entered and verified as of XXXX. All derived L1 and L2 values generated prior to the annotation date for deployment 10 for the time range 2023-05-19 19:40 to 2024-06-06 14:20 should be re-requested in order to ensure utilization of correct calibration values. The updated values can be viewed at https://github.com/ooi-integration/asset-management/blob/master/calibration/FLORTD/CGINS-FLORTD-01217__20220926.csv.
Global Southern Ocean,Apex Surface Mooring,Near Surface Instrument Frame,3-Wavelength Fluorometer: FLORT Series D,GS01SUMO-RID16-02-FLORTD000,CGINS-FLORTD-01218,BBFL2W-1218,1,-9999999,CGINS-FLORTD-01218__20140812.csv,https://github.com/ooi-integration/asset-management/blob/master/calibration/FLORTD/CGINS-FLORTD-01218__20140812.csv,Calibration coefficients were modified,2015-02-18 21:06,2015-12-27 11:20,MODIFIED COEFFICIENT: A metadata review found that the CDOM calibration values for the sensor (GS01SUMO-RID16-02-FLORTD000) were incorrect for all of deployment 1 due to biased primary and secondary calibration standards which would result in delivery of incorrect L1 or L2 derived values during that time range. The erroneous calibration values have now been entered and verified as of XXXX. All derived L1 and L2 values generated prior to the annotation date for deployment 1 for the time range 2015-02-18 21:06 to 2015-12-27 11:20 should be re-requested in order to ensure utilization of correct calibration values. The updated values can be viewed at https://github.com/ooi-integration/asset-management/blob/master/calibration/FLORTD/CGINS-FLORTD-01218__20140812.csv.
Global Southern Ocean,Apex Surface Mooring,Surface Buoy,3-Wavelength Fluorometer: FLORT Series D,GS01SUMO-SBD12-02-FLORTD000,CGINS-FLORTD-01218,BBFL2W-1218,3,-9999999,CGINS-FLORTD-01218__20160518.csv,https://github.com/ooi-integration/asset-management/blob/master/calibration/FLORTD/CGINS-FLORTD-01218__20160518.csv,Calibration coefficients were modified,2016-11-25 01:11,2018-12-09 16:42,MODIFIED COEFFICIENT: A metadata review found that the CDOM calibration values for the sensor (GS01SUMO-SBD12-02-FLORTD000) were incorrect for all of deployment 3 due to biased primary and secondary calibration standards which would result in delivery of incorrect L1 or L2 derived values during that time range. The erroneous calibration values have now been entered and verified as of XXXX. All derived L1 and L2 values generated prior to the annotation date for deployment 3 for the time range 2016-11-25 01:11 to 2018-12-09 16:42 should be re-requested in order to ensure utilization of correct calibration values. The updated values can be viewed at https://github.com/ooi-integration/asset-management/blob/master/calibration/FLORTD/CGINS-FLORTD-01218__20160518.csv.
Global Irminger Sea,Apex Surface Mooring,Surface Buoy,3-Wavelength Fluorometer: FLORT Series D,GI01SUMO-SBD12-02-FLORTD000,CGINS-FLORTD-01218,BBFL2W-1218,7,-9999999,CGINS-FLORTD-01218__20200117.csv,https://github.com/ooi-integration/asset-management/blob/master/calibration/FLORTD/CGINS-FLORTD-01218__20200117.csv,Calibration coefficients were modified,2020-08-17 17:34,2021-08-19 06:49,MODIFIED COEFFICIENT: A metadata review found that the CDOM calibration values for the sensor (GI01SUMO-SBD12-02-FLORTD000) were incorrect for all of deployment 7 due to biased primary and secondary calibration standards which would result in delivery of incorrect L1 or L2 derived values during that time range. The erroneous calibration values have now been entered and verified as of XXXX. All derived L1 and L2 values generated prior to the annotation date for deployment 7 for the time range 2020-08-17 17:34 to 2021-08-19 06:49 should be re-requested in order to ensure utilization of correct calibration values. The updated values can be viewed at https://github.com/ooi-integration/asset-management/blob/master/calibration/FLORTD/CGINS-FLORTD-01218__20200117.csv.
Global Argentine Basin,Flanking Subsurface Mooring B,Mooring Riser,3-Wavelength Fluorometer: FLORT Series D,GA03FLMB-RIS01-05-FLORTD000,CGINS-FLORTD-01219,BBFL2W-1219,1,-9999999,CGINS-FLORTD-01219__20140812.csv,https://github.com/ooi-integration/asset-management/blob/master/calibration/FLORTD/CGINS-FLORTD-01219__20140812.csv,Calibration coefficients were modified,2015-03-21 02:30,2015-11-18 11:20,MODIFIED COEFFICIENT: A metadata review found that the CDOM calibration values for the sensor (GA03FLMB-RIS01-05-FLORTD000) were incorrect for all of deployment 1 due to biased primary and secondary calibration standards which would result in delivery of incorrect L1 or L2 derived values during that time range. The erroneous calibration values have now been entered and verified as of XXXX. All derived L1 and L2 values generated prior to the annotation date for deployment 1 for the time range 2015-03-21 02:30 to 2015-11-18 11:20 should be re-requested in order to ensure utilization of correct calibration values. The updated values can be viewed at https://github.com/ooi-integration/asset-management/blob/master/calibration/FLORTD/CGINS-FLORTD-01219__20140812.csv.
Global Argentine Basin,Flanking Subsurface Mooring A,Mooring Riser,3-Wavelength Fluorometer: FLORT Series D,GA03FLMA-RIS01-05-FLORTD000,CGINS-FLORTD-01219,BBFL2W-1219,3,-9999999,CGINS-FLORTD-01219__20160516.csv,https://github.com/ooi-integration/asset-management/blob/master/calibration/FLORTD/CGINS-FLORTD-01219__20160516.csv,Calibration coefficients were modified,2016-10-30 23:17,2018-01-09 10:50,MODIFIED COEFFICIENT: A metadata review found that the CDOM calibration values for the sensor (GA03FLMA-RIS01-05-FLORTD000) were incorrect for all of deployment 3 due to biased primary and secondary calibration standards which would result in delivery of incorrect L1 or L2 derived values during that time range. The erroneous calibration values have now been entered and verified as of XXXX. All derived L1 and L2 values generated prior to the annotation date for deployment 3 for the time range 2016-10-30 23:17 to 2018-01-09 10:50 should be re-requested in order to ensure utilization of correct calibration values. The updated values can be viewed at https://github.com/ooi-integration/asset-management/blob/master/calibration/FLORTD/CGINS-FLORTD-01219__20160516.csv.
Coastal Pioneer NES,Central Surface Mooring,Near Surface Instrument Frame,3-Wavelength Fluorometer: FLORT Series D,CP01CNSM-RID27-02-FLORTD000,CGINS-FLORTD-01219,BBFL2W-1219,12,-9999999,CGINS-FLORTD-01219__20180830.csv,https://github.com/ooi-integration/asset-management/blob/master/calibration/FLORTD/CGINS-FLORTD-01219__20180830.csv,Calibration coefficients were modified,2019-09-27 18:30,2020-11-06 13:17,MODIFIED COEFFICIENT: A metadata review found that the CDOM calibration values for the sensor (CP01CNSM-RID27-02-FLORTD000) were incorrect for all of deployment 12 due to biased primary and secondary calibration standards which would result in delivery of incorrect L1 or L2 derived values during that time range. The erroneous calibration values have now been entered and verified as of XXXX. All derived L1 and L2 values generated prior to the annotation date for deployment 12 for the time range 2019-09-27 18:30 to 2020-11-06 13:17 should be re-requested in order to ensure utilization of correct calibration values. The updated values can be viewed at https://github.com/ooi-integration/asset-management/blob/master/calibration/FLORTD/CGINS-FLORTD-01219__20180830.csv.
Coastal Pioneer NES,Inshore Surface Mooring,Near Surface Instrument Frame,3-Wavelength Fluorometer: FLORT Series D,CP03ISSM-RID27-02-FLORTD000,CGINS-FLORTD-01219,BBFL2W-1219,15,-9999999,CGINS-FLORTD-01219__20210127.csv,https://github.com/ooi-integration/asset-management/blob/master/calibration/FLORTD/CGINS-FLORTD-01219__20210127.csv,Calibration coefficients were modified,2022-04-11 21:51,2022-11-13 13:55,MODIFIED COEFFICIENT: A metadata review found that the CDOM calibration values for the sensor (CP03ISSM-RID27-02-FLORTD000) were incorrect for all of deployment 15 due to biased primary and secondary calibration standards which would result in delivery of incorrect L1 or L2 derived values during that time range. The erroneous calibration values have now been entered and verified as of XXXX. All derived L1 and L2 values generated prior to the annotation date for deployment 15 for the time range 2022-04-11 21:51 to 2022-11-13 13:55 should be re-requested in order to ensure utilization of correct calibration values. The updated values can be viewed at https://github.com/ooi-integration/asset-management/blob/master/calibration/FLORTD/CGINS-FLORTD-01219__20210127.csv.
Coastal Pioneer NES,Offshore Surface Mooring,Near Surface Instrument Frame,3-Wavelength Fluorometer: FLORT Series D,CP04OSSM-RID27-02-FLORTD000,CGINS-FLORTD-01221,BBFL2W-1221,1,-9999999,CGINS-FLORTD-01221__20140819.csv,https://github.com/ooi-integration/asset-management/blob/master/calibration/FLORTD/CGINS-FLORTD-01221__20140819.csv,Calibration coefficients were modified,2014-12-12 21:47,2015-05-10 19:57,MODIFIED COEFFICIENT: A metadata review found that the CDOM calibration values for the sensor (CP04OSSM-RID27-02-FLORTD000) were incorrect for all of deployment 1 due to biased primary and secondary calibration standards which would result in delivery of incorrect L1 or L2 derived values during that time range. The erroneous calibration values have now been entered and verified as of XXXX. All derived L1 and L2 values generated prior to the annotation date for deployment 1 for the time range 2014-12-12 21:47 to 2015-05-10 19:57 should be re-requested in order to ensure utilization of correct calibration values. The updated values can be viewed at https://github.com/ooi-integration/asset-management/blob/master/calibration/FLORTD/CGINS-FLORTD-01221__20140819.csv.
Coastal Pioneer NES,Central Surface Mooring,Near Surface Instrument Frame,3-Wavelength Fluorometer: FLORT Series D,CP01CNSM-RID27-02-FLORTD000,CGINS-FLORTD-01221,BBFL2W-1221,4,-9999999,CGINS-FLORTD-01221__20151008.csv,https://github.com/ooi-integration/asset-management/blob/master/calibration/FLORTD/CGINS-FLORTD-01221__20151008.csv,Calibration coefficients were modified,2015-10-23 18:49,2016-04-04 12:03,MODIFIED COEFFICIENT: A metadata review found that the CDOM calibration values for the sensor (CP01CNSM-RID27-02-FLORTD000) were incorrect for all of deployment 4 due to biased primary and secondary calibration standards which would result in delivery of incorrect L1 or L2 derived values during that time range. The erroneous calibration values have now been entered and verified as of XXXX. All derived L1 and L2 values generated prior to the annotation date for deployment 4 for the time range 2015-10-23 18:49 to 2016-04-04 12:03 should be re-requested in order to ensure utilization of correct calibration values. The updated values can be viewed at https://github.com/ooi-integration/asset-management/blob/master/calibration/FLORTD/CGINS-FLORTD-01221__20151008.csv.
Global Irminger Sea,Flanking Subsurface Mooring A,Mooring Riser,3-Wavelength Fluorometer: FLORT Series D,GI03FLMA-RIS01-05-FLORTD000,CGINS-FLORTD-01221,BBFL2W-1221,3,-9999999,CGINS-FLORTD-01221__20160525.csv,https://github.com/ooi-integration/asset-management/blob/master/calibration/FLORTD/CGINS-FLORTD-01221__20160525.csv,Calibration coefficients were modified,2016-07-12 15:59,2017-08-12 10:00,MODIFIED COEFFICIENT: A metadata review found that the CDOM calibration values for the sensor (GI03FLMA-RIS01-05-FLORTD000) were incorrect for all of deployment 3 due to biased primary and secondary calibration standards which would result in delivery of incorrect L1 or L2 derived values during that time range. The erroneous calibration values have now been entered and verified as of XXXX. All derived L1 and L2 values generated prior to the annotation date for deployment 3 for the time range 2016-07-12 15:59 to 2017-08-12 10:00 should be re-requested in order to ensure utilization of correct calibration values. The updated values can be viewed at https://github.com/ooi-integration/asset-management/blob/master/calibration/FLORTD/CGINS-FLORTD-01221__20160525.csv.
Global Irminger Sea,Flanking Subsurface Mooring B,Mooring Riser,3-Wavelength Fluorometer: FLORT Series D,GI03FLMB-RIS01-05-FLORTD000,CGINS-FLORTD-01221,BBFL2W-1221,6,-9999999,CGINS-FLORTD-01221__20180627.csv,https://github.com/ooi-integration/asset-management/blob/master/calibration/FLORTD/CGINS-FLORTD-01221__20180627.csv,Calibration coefficients were modified,2019-08-08 13:20,2020-08-25 15:52,MODIFIED COEFFICIENT: A metadata review found that the CDOM calibration values for the sensor (GI03FLMB-RIS01-05-FLORTD000) were incorrect for all of deployment 6 due to biased primary and secondary calibration standards which would result in delivery of incorrect L1 or L2 derived values during that time range. The erroneous calibration values have now been entered and verified as of XXXX. All derived L1 and L2 values generated prior to the annotation date for deployment 6 for the time range 2019-08-08 13:20 to 2020-08-25 15:52 should be re-requested in order to ensure utilization of correct calibration values. The updated values can be viewed at https://github.com/ooi-integration/asset-management/blob/master/calibration/FLORTD/CGINS-FLORTD-01221__20180627.csv.
Global Station Papa,Flanking Subsurface Mooring B,Mooring Riser,3-Wavelength Fluorometer: FLORT Series D,GP03FLMB-RIS01-05-FLORTD000,CGINS-FLORTD-01221,BBFL2W-1221,12,-9999999,CGINS-FLORTD-01221__20211223.csv,https://github.com/ooi-integration/asset-management/blob/master/calibration/FLORTD/CGINS-FLORTD-01221__20211223.csv,Calibration coefficients were modified,2025-05-27 19:30,2025-06-11 18:28,MODIFIED COEFFICIENT: A metadata review found that the CDOM calibration values for the sensor (GP03FLMB-RIS01-05-FLORTD000) were incorrect for all of deployment 12 due to biased primary and secondary calibration standards which would result in delivery of incorrect L1 or L2 derived values during that time range. The erroneous calibration values have now been entered and verified as of XXXX. All derived L1 and L2 values generated prior to the annotation date for deployment 12 for the time range 2025-05-27 19:30 to 2025-06-11 18:28 should be re-requested in order to ensure utilization of correct calibration values. The updated values can be viewed at https://github.com/ooi-integration/asset-management/blob/master/calibration/FLORTD/CGINS-FLORTD-01221__20211223.csv.
Coastal Pioneer NES,Inshore Surface Mooring,Near Surface Instrument Frame,3-Wavelength Fluorometer: FLORT Series D,CP03ISSM-RID27-02-FLORTD000,CGINS-FLORTD-01222,BBFL2W-1222,2,-9999999,CGINS-FLORTD-01222__20140819.csv,https://github.com/ooi-integration/asset-management/blob/master/calibration/FLORTD/CGINS-FLORTD-01222__20140819.csv,Calibration coefficients were modified,2015-05-09 00:57,2015-10-21 18:50,MODIFIED COEFFICIENT: A metadata review found that the CDOM calibration values for the sensor (CP03ISSM-RID27-02-FLORTD000) were incorrect for all of deployment 2 due to biased primary and secondary calibration standards which would result in delivery of incorrect L1 or L2 derived values during that time range. The erroneous calibration values have now been entered and verified as of XXXX. All derived L1 and L2 values generated prior to the annotation date for deployment 2 for the time range 2015-05-09 00:57 to 2015-10-21 18:50 should be re-requested in order to ensure utilization of correct calibration values. The updated values can be viewed at https://github.com/ooi-integration/asset-management/blob/master/calibration/FLORTD/CGINS-FLORTD-01222__20140819.csv.
Coastal Pioneer NES,Offshore Surface Mooring,Near Surface Instrument Frame,3-Wavelength Fluorometer: FLORT Series D,CP04OSSM-RID27-02-FLORTD000,CGINS-FLORTD-01222,BBFL2W-1222,4,-9999999,CGINS-FLORTD-01222__20160112.csv,https://github.com/ooi-integration/asset-management/blob/master/calibration/FLORTD/CGINS-FLORTD-01222__20160112.csv,Calibration coefficients were modified,2016-05-27 15:50,2016-10-12 17:12,MODIFIED COEFFICIENT: A metadata review found that the CDOM calibration values for the sensor (CP04OSSM-RID27-02-FLORTD000) were incorrect for all of deployment 4 due to biased primary and secondary calibration standards which would result in delivery of incorrect L1 or L2 derived values during that time range. The erroneous calibration values have now been entered and verified as of XXXX. All derived L1 and L2 values generated prior to the annotation date for deployment 4 for the time range 2016-05-27 15:50 to 2016-10-12 17:12 should be re-requested in order to ensure utilization of correct calibration values. The updated values can be viewed at https://github.com/ooi-integration/asset-management/blob/master/calibration/FLORTD/CGINS-FLORTD-01222__20160112.csv.
Global Irminger Sea,Apex Surface Mooring,Surface Buoy,3-Wavelength Fluorometer: FLORT Series D,GI01SUMO-SBD12-02-FLORTD000,CGINS-FLORTD-01222,BBFL2W-1222,4,-9999999,CGINS-FLORTD-01222__20170105.csv,https://github.com/ooi-integration/asset-management/blob/master/calibration/FLORTD/CGINS-FLORTD-01222__20170105.csv,Calibration coefficients were modified,2017-08-05 18:17,2017-10-12 09:07,MODIFIED COEFFICIENT: A metadata review found that the CDOM calibration values for the sensor (GI01SUMO-SBD12-02-FLORTD000) were incorrect for all of deployment 4 due to biased primary and secondary calibration standards which would result in delivery of incorrect L1 or L2 derived values during that time range. The erroneous calibration values have now been entered and verified as of XXXX. All derived L1 and L2 values generated prior to the annotation date for deployment 4 for the time range 2017-08-05 18:17 to 2017-10-12 09:07 should be re-requested in order to ensure utilization of correct calibration values. The updated values can be viewed at https://github.com/ooi-integration/asset-management/blob/master/calibration/FLORTD/CGINS-FLORTD-01222__20170105.csv.
Global Irminger Sea,Apex Surface Mooring,Near Surface Instrument Frame,3-Wavelength Fluorometer: FLORT Series D,GI01SUMO-RID16-02-FLORTD000,CGINS-FLORTD-01295,BBFL2W-1295,2,-9999999,CGINS-FLORTD-01295__20150430.csv,https://github.com/ooi-integration/asset-management/blob/master/calibration/FLORTD/CGINS-FLORTD-01295__20150430.csv,Calibration coefficients were modified,2015-08-15 19:22,2016-07-19 10:09,MODIFIED COEFFICIENT: A metadata review found that the CDOM calibration values for the sensor (GI01SUMO-RID16-02-FLORTD000) were incorrect for all of deployment 2 due to biased primary and secondary calibration standards which would result in delivery of incorrect L1 or L2 derived values during that time range. The erroneous calibration values have now been entered and verified as of XXXX. All derived L1 and L2 values generated prior to the annotation date for deployment 2 for the time range 2015-08-15 19:22 to 2016-07-19 10:09 should be re-requested in order to ensure utilization of correct calibration values. The updated values can be viewed at https://github.com/ooi-integration/asset-management/blob/master/calibration/FLORTD/CGINS-FLORTD-01295__20150430.csv.
Coastal Pioneer NES,Inshore Surface Mooring,Near Surface Instrument Frame,3-Wavelength Fluorometer: FLORT Series D,CP03ISSM-RID27-02-FLORTD000,CGINS-FLORTD-01295,BBFL2W-1295,6,-9999999,CGINS-FLORTD-01295__20161013.csv,https://github.com/ooi-integration/asset-management/blob/master/calibration/FLORTD/CGINS-FLORTD-01295__20161013.csv,Calibration coefficients were modified,2017-06-15 13:43,2017-11-01 14:17,MODIFIED COEFFICIENT: A metadata review found that the CDOM calibration values for the sensor (CP03ISSM-RID27-02-FLORTD000) were incorrect for all of deployment 6 due to biased primary and secondary calibration standards which would result in delivery of incorrect L1 or L2 derived values during that time range. The erroneous calibration values have now been entered and verified as of XXXX. All derived L1 and L2 values generated prior to the annotation date for deployment 6 for the time range 2017-06-15 13:43 to 2017-11-01 14:17 should be re-requested in order to ensure utilization of correct calibration values. The updated values can be viewed at https://github.com/ooi-integration/asset-management/blob/master/calibration/FLORTD/CGINS-FLORTD-01295__20161013.csv.
Global Irminger Sea,Apex Surface Mooring,Surface Buoy,3-Wavelength Fluorometer: FLORT Series D,GI01SUMO-SBD12-02-FLORTD000,CGINS-FLORTD-01296,BBFL2W-1296,2,-9999999,CGINS-FLORTD-01296__20150430.csv,https://github.com/ooi-integration/asset-management/blob/master/calibration/FLORTD/CGINS-FLORTD-01296__20150430.csv,Calibration coefficients were modified,2015-08-15 19:22,2016-07-19 10:09,MODIFIED COEFFICIENT: A metadata review found that the CDOM calibration values for the sensor (GI01SUMO-SBD12-02-FLORTD000) were incorrect for all of deployment 2 due to biased primary and secondary calibration standards which would result in delivery of incorrect L1 or L2 derived values during that time range. The erroneous calibration values have now been entered and verified as of XXXX. All derived L1 and L2 values generated prior to the annotation date for deployment 2 for the time range 2015-08-15 19:22 to 2016-07-19 10:09 should be re-requested in order to ensure utilization of correct calibration values. The updated values can be viewed at https://github.com/ooi-integration/asset-management/blob/master/calibration/FLORTD/CGINS-FLORTD-01296__20150430.csv.
Global Irminger Sea,Apex Surface Mooring,Near Surface Instrument Frame,3-Wavelength Fluorometer: FLORT Series D,GI01SUMO-RID16-02-FLORTD000,CGINS-FLORTD-01296,BBFL2W-1296,4,-9999999,CGINS-FLORTD-01296__20161014.csv,https://github.com/ooi-integration/asset-management/blob/master/calibration/FLORTD/CGINS-FLORTD-01296__20161014.csv,Calibration coefficients were modified,2017-08-05 18:17,2017-10-12 09:07,MODIFIED COEFFICIENT: A metadata review found that the CDOM calibration values for the sensor (GI01SUMO-RID16-02-FLORTD000) were incorrect for all of deployment 4 due to biased primary and secondary calibration standards which would result in delivery of incorrect L1 or L2 derived values during that time range. The erroneous calibration values have now been entered and verified as of XXXX. All derived L1 and L2 values generated prior to the annotation date for deployment 4 for the time range 2017-08-05 18:17 to 2017-10-12 09:07 should be re-requested in order to ensure utilization of correct calibration values. The updated values can be viewed at https://github.com/ooi-integration/asset-management/blob/master/calibration/FLORTD/CGINS-FLORTD-01296__20161014.csv.
Global Irminger Sea,Flanking Subsurface Mooring A,Mooring Riser,3-Wavelength Fluorometer: FLORT Series D,GI03FLMA-RIS01-05-FLORTD000,CGINS-FLORTD-01298,BBFL2W-1298,2,-9999999,CGINS-FLORTD-01298__20150512.csv,https://github.com/ooi-integration/asset-management/blob/master/calibration/FLORTD/CGINS-FLORTD-01298__20150512.csv,Calibration coefficients were modified,2015-08-18 23:47,2016-07-17 07:55,MODIFIED COEFFICIENT: A metadata review found that the CDOM calibration values for the sensor (GI03FLMA-RIS01-05-FLORTD000) were incorrect for all of deployment 2 due to biased primary and secondary calibration standards which would result in delivery of incorrect L1 or L2 derived values during that time range. The erroneous calibration values have now been entered and verified as of XXXX. All derived L1 and L2 values generated prior to the annotation date for deployment 2 for the time range 2015-08-18 23:47 to 2016-07-17 07:55 should be re-requested in order to ensure utilization of correct calibration values. The updated values can be viewed at https://github.com/ooi-integration/asset-management/blob/master/calibration/FLORTD/CGINS-FLORTD-01298__20150512.csv.
Global Station Papa,Flanking Subsurface Mooring B,Mooring Riser,3-Wavelength Fluorometer: FLORT Series D,GP03FLMB-RIS01-05-FLORTD000,CGINS-FLORTD-01298,BBFL2W-1298,7,-9999999,CGINS-FLORTD-01298__20170110.csv,https://github.com/ooi-integration/asset-management/blob/master/calibration/FLORTD/CGINS-FLORTD-01298__20170110.csv,Calibration coefficients were modified,2019-09-27 21:26,2021-07-27 18:00,MODIFIED COEFFICIENT: A metadata review found that the CDOM calibration values for the sensor (GP03FLMB-RIS01-05-FLORTD000) were incorrect for all of deployment 7 due to biased primary and secondary calibration standards which would result in delivery of incorrect L1 or L2 derived values during that time range. The erroneous calibration values have now been entered and verified as of XXXX. All derived L1 and L2 values generated prior to the annotation date for deployment 7 for the time range 2019-09-27 21:26 to 2021-07-27 18:00 should be re-requested in order to ensure utilization of correct calibration values. The updated values can be viewed at https://github.com/ooi-integration/asset-management/blob/master/calibration/FLORTD/CGINS-FLORTD-01298__20170110.csv.
Global Irminger Sea,Flanking Subsurface Mooring B,Mooring Riser,3-Wavelength Fluorometer: FLORT Series D,GI03FLMB-RIS01-05-FLORTD000,CGINS-FLORTD-01299,BBFL2W-1299,2,-9999999,CGINS-FLORTD-01299__20150512.csv,https://github.com/ooi-integration/asset-management/blob/master/calibration/FLORTD/CGINS-FLORTD-01299__20150512.csv,Calibration coefficients were modified,2015-08-21 17:11,2016-07-18 08:00,MODIFIED COEFFICIENT: A metadata review found that the CDOM calibration values for the sensor (GI03FLMB-RIS01-05-FLORTD000) were incorrect for all of deployment 2 due to biased primary and secondary calibration standards which would result in delivery of incorrect L1 or L2 derived values during that time range. The erroneous calibration values have now been entered and verified as of XXXX. All derived L1 and L2 values generated prior to the annotation date for deployment 2 for the time range 2015-08-21 17:11 to 2016-07-18 08:00 should be re-requested in order to ensure utilization of correct calibration values. The updated values can be viewed at https://github.com/ooi-integration/asset-management/blob/master/calibration/FLORTD/CGINS-FLORTD-01299__20150512.csv.
Global Irminger Sea,Flanking Subsurface Mooring A,Mooring Riser,3-Wavelength Fluorometer: FLORT Series D,GI03FLMA-RIS01-05-FLORTD000,CGINS-FLORTD-01299,BBFL2W-1299,4,-9999999,CGINS-FLORTD-01299__20170110.csv,https://github.com/ooi-integration/asset-management/blob/master/calibration/FLORTD/CGINS-FLORTD-01299__20170110.csv,Calibration coefficients were modified,2017-08-08 15:13,2018-06-15 07:59,MODIFIED COEFFICIENT: A metadata review found that the CDOM calibration values for the sensor (GI03FLMA-RIS01-05-FLORTD000) were incorrect for all of deployment 4 due to biased primary and secondary calibration standards which would result in delivery of incorrect L1 or L2 derived values during that time range. The erroneous calibration values have now been entered and verified as of XXXX. All derived L1 and L2 values generated prior to the annotation date for deployment 4 for the time range 2017-08-08 15:13 to 2018-06-15 07:59 should be re-requested in order to ensure utilization of correct calibration values. The updated values can be viewed at https://github.com/ooi-integration/asset-management/blob/master/calibration/FLORTD/CGINS-FLORTD-01299__20170110.csv.
Coastal Pioneer NES,Offshore Surface Mooring,Near Surface Instrument Frame,3-Wavelength Fluorometer: FLORT Series D,CP04OSSM-RID27-02-FLORTD000,CGINS-FLORTD-01299,BBFL2W-1299,11,-9999999,CGINS-FLORTD-01299__20180928.csv,https://github.com/ooi-integration/asset-management/blob/master/calibration/FLORTD/CGINS-FLORTD-01299__20180928.csv,Calibration coefficients were modified,2019-09-29 14:46,2020-11-08 13:13,MODIFIED COEFFICIENT: A metadata review found that the CDOM calibration values for the sensor (CP04OSSM-RID27-02-FLORTD000) were incorrect for all of deployment 11 due to biased primary and secondary calibration standards which would result in delivery of incorrect L1 or L2 derived values during that time range. The erroneous calibration values have now been entered and verified as of XXXX. All derived L1 and L2 values generated prior to the annotation date for deployment 11 for the time range 2019-09-29 14:46 to 2020-11-08 13:13 should be re-requested in order to ensure utilization of correct calibration values. The updated values can be viewed at https://github.com/ooi-integration/asset-management/blob/master/calibration/FLORTD/CGINS-FLORTD-01299__20180928.csv.
Coastal Pioneer NES,Inshore Surface Mooring,Near Surface Instrument Frame,3-Wavelength Fluorometer: FLORT Series D,CP03ISSM-RID27-02-FLORTD000,CGINS-FLORTD-01299,BBFL2W-1299,14,-9999999,CGINS-FLORTD-01299__20210212.csv,https://github.com/ooi-integration/asset-management/blob/master/calibration/FLORTD/CGINS-FLORTD-01299__20210212.csv,Calibration coefficients were modified,2021-11-01 14:10,2022-04-13 21:24,MODIFIED COEFFICIENT: A metadata review found that the CDOM calibration values for the sensor (CP03ISSM-RID27-02-FLORTD000) were incorrect for all of deployment 14 due to biased primary and secondary calibration standards which would result in delivery of incorrect L1 or L2 derived values during that time range. The erroneous calibration values have now been entered and verified as of XXXX. All derived L1 and L2 values generated prior to the annotation date for deployment 14 for the time range 2021-11-01 14:10 to 2022-04-13 21:24 should be re-requested in order to ensure utilization of correct calibration values. The updated values can be viewed at https://github.com/ooi-integration/asset-management/blob/master/calibration/FLORTD/CGINS-FLORTD-01299__20210212.csv.
Global Argentine Basin,Flanking Subsurface Mooring A,Mooring Riser,3-Wavelength Fluorometer: FLORT Series D,GA03FLMA-RIS01-05-FLORTD000,CGINS-FLORTD-01300,BBFL2W-1300,2,-9999999,CGINS-FLORTD-01300__20150514.csv,https://github.com/ooi-integration/asset-management/blob/master/calibration/FLORTD/CGINS-FLORTD-01300__20150514.csv,Calibration coefficients were modified,2015-11-25 19:21,2016-11-05 18:58,MODIFIED COEFFICIENT: A metadata review found that the CDOM calibration values for the sensor (GA03FLMA-RIS01-05-FLORTD000) were incorrect for all of deployment 2 due to biased primary and secondary calibration standards which would result in delivery of incorrect L1 or L2 derived values during that time range. The erroneous calibration values have now been entered and verified as of XXXX. All derived L1 and L2 values generated prior to the annotation date for deployment 2 for the time range 2015-11-25 19:21 to 2016-11-05 18:58 should be re-requested in order to ensure utilization of correct calibration values. The updated values can be viewed at https://github.com/ooi-integration/asset-management/blob/master/calibration/FLORTD/CGINS-FLORTD-01300__20150514.csv.
Coastal Pioneer NES,Central Surface Mooring,Near Surface Instrument Frame,3-Wavelength Fluorometer: FLORT Series D,CP01CNSM-RID27-02-FLORTD000,CGINS-FLORTD-01300,BBFL2W-1300,9,-9999999,CGINS-FLORTD-01300__20170503.csv,https://github.com/ooi-integration/asset-management/blob/master/calibration/FLORTD/CGINS-FLORTD-01300__20170503.csv,Calibration coefficients were modified,2018-03-24 21:32,2018-10-29 12:31,MODIFIED COEFFICIENT: A metadata review found that the CDOM calibration values for the sensor (CP01CNSM-RID27-02-FLORTD000) were incorrect for all of deployment 9 due to biased primary and secondary calibration standards which would result in delivery of incorrect L1 or L2 derived values during that time range. The erroneous calibration values have now been entered and verified as of XXXX. All derived L1 and L2 values generated prior to the annotation date for deployment 9 for the time range 2018-03-24 21:32 to 2018-10-29 12:31 should be re-requested in order to ensure utilization of correct calibration values. The updated values can be viewed at https://github.com/ooi-integration/asset-management/blob/master/calibration/FLORTD/CGINS-FLORTD-01300__20170503.csv.
Global Irminger Sea,Flanking Subsurface Mooring A,Mooring Riser,3-Wavelength Fluorometer: FLORT Series D,GI03FLMA-RIS01-05-FLORTD000,CGINS-FLORTD-01300,BBFL2W-1300,7,-9999999,CGINS-FLORTD-01300__20200116.csv,https://github.com/ooi-integration/asset-management/blob/master/calibration/FLORTD/CGINS-FLORTD-01300__20200116.csv,Calibration coefficients were modified,2020-08-19 14:48,2021-08-17 09:36,MODIFIED COEFFICIENT: A metadata review found that the CDOM calibration values for the sensor (GI03FLMA-RIS01-05-FLORTD000) were incorrect for all of deployment 7 due to biased primary and secondary calibration standards which would result in delivery of incorrect L1 or L2 derived values during that time range. The erroneous calibration values have now been entered and verified as of XXXX. All derived L1 and L2 values generated prior to the annotation date for deployment 7 for the time range 2020-08-19 14:48 to 2021-08-17 09:36 should be re-requested in order to ensure utilization of correct calibration values. The updated values can be viewed at https://github.com/ooi-integration/asset-management/blob/master/calibration/FLORTD/CGINS-FLORTD-01300__20200116.csv.
Global Argentine Basin,Flanking Subsurface Mooring B,Mooring Riser,3-Wavelength Fluorometer: FLORT Series D,GA03FLMB-RIS01-05-FLORTD000,CGINS-FLORTD-01301,BBFL2W-1301,2,-9999999,CGINS-FLORTD-01301__20150514.csv,https://github.com/ooi-integration/asset-management/blob/master/calibration/FLORTD/CGINS-FLORTD-01301__20150514.csv,Calibration coefficients were modified,2015-11-21 21:51,2016-11-01 10:10,MODIFIED COEFFICIENT: A metadata review found that the CDOM calibration values for the sensor (GA03FLMB-RIS01-05-FLORTD000) were incorrect for all of deployment 2 due to biased primary and secondary calibration standards which would result in delivery of incorrect L1 or L2 derived values during that time range. The erroneous calibration values have now been entered and verified as of XXXX. All derived L1 and L2 values generated prior to the annotation date for deployment 2 for the time range 2015-11-21 21:51 to 2016-11-01 10:10 should be re-requested in order to ensure utilization of correct calibration values. The updated values can be viewed at https://github.com/ooi-integration/asset-management/blob/master/calibration/FLORTD/CGINS-FLORTD-01301__20150514.csv.
Coastal Pioneer NES,Offshore Surface Mooring,Near Surface Instrument Frame,3-Wavelength Fluorometer: FLORT Series D,CP04OSSM-RID27-02-FLORTD000,CGINS-FLORTD-01301,BBFL2W-1301,8,-9999999,CGINS-FLORTD-01301__20170505.csv,https://github.com/ooi-integration/asset-management/blob/master/calibration/FLORTD/CGINS-FLORTD-01301__20170505.csv,Calibration coefficients were modified,2018-03-24 14:37,2018-10-30 14:30,MODIFIED COEFFICIENT: A metadata review found that the CDOM calibration values for the sensor (CP04OSSM-RID27-02-FLORTD000) were incorrect for all of deployment 8 due to biased primary and secondary calibration standards which would result in delivery of incorrect L1 or L2 derived values during that time range. The erroneous calibration values have now been entered and verified as of XXXX. All derived L1 and L2 values generated prior to the annotation date for deployment 8 for the time range 2018-03-24 14:37 to 2018-10-30 14:30 should be re-requested in order to ensure utilization of correct calibration values. The updated values can be viewed at https://github.com/ooi-integration/asset-management/blob/master/calibration/FLORTD/CGINS-FLORTD-01301__20170505.csv.
Global Irminger Sea,Flanking Subsurface Mooring B,Mooring Riser,3-Wavelength Fluorometer: FLORT Series D,GI03FLMB-RIS01-05-FLORTD000,CGINS-FLORTD-01301,BBFL2W-1301,7,-9999999,CGINS-FLORTD-01301__20200117.csv,https://github.com/ooi-integration/asset-management/blob/master/calibration/FLORTD/CGINS-FLORTD-01301__20200117.csv,Calibration coefficients were modified,2020-08-20 15:25,2021-08-18 14:06,MODIFIED COEFFICIENT: A metadata review found that the CDOM calibration values for the sensor (GI03FLMB-RIS01-05-FLORTD000) were incorrect for all of deployment 7 due to biased primary and secondary calibration standards which would result in delivery of incorrect L1 or L2 derived values during that time range. The erroneous calibration values have now been entered and verified as of XXXX. All derived L1 and L2 values generated prior to the annotation date for deployment 7 for the time range 2020-08-20 15:25 to 2021-08-18 14:06 should be re-requested in order to ensure utilization of correct calibration values. The updated values can be viewed at https://github.com/ooi-integration/asset-management/blob/master/calibration/FLORTD/CGINS-FLORTD-01301__20200117.csv.
Global Argentine Basin,Apex Surface Mooring,Near Surface Instrument Frame,3-Wavelength Fluorometer: FLORT Series D,GA01SUMO-RID16-02-FLORTD000,CGINS-FLORTD-01317,BBFL2W-1317,2,-9999999,CGINS-FLORTD-01317__20150710.csv,https://github.com/ooi-integration/asset-management/blob/master/calibration/FLORTD/CGINS-FLORTD-01317__20150710.csv,Calibration coefficients were modified,2015-11-14 21:06,2016-11-08 10:10,MODIFIED COEFFICIENT: A metadata review found that the CDOM calibration values for the sensor (GA01SUMO-RID16-02-FLORTD000) were incorrect for all of deployment 2 due to biased primary and secondary calibration standards which would result in delivery of incorrect L1 or L2 derived values during that time range. The erroneous calibration values have now been entered and verified as of XXXX. All derived L1 and L2 values generated prior to the annotation date for deployment 2 for the time range 2015-11-14 21:06 to 2016-11-08 10:10 should be re-requested in order to ensure utilization of correct calibration values. The updated values can be viewed at https://github.com/ooi-integration/asset-management/blob/master/calibration/FLORTD/CGINS-FLORTD-01317__20150710.csv.
Global Irminger Sea,Apex Surface Mooring,Near Surface Instrument Frame,3-Wavelength Fluorometer: FLORT Series D,GI01SUMO-RID16-02-FLORTD000,CGINS-FLORTD-01317,BBFL2W-1317,11,-9999999,CGINS-FLORTD-01317__20170329.csv,https://github.com/ooi-integration/asset-management/blob/master/calibration/FLORTD/CGINS-FLORTD-01317__20170329.csv,Calibration coefficients were modified,2024-06-10 00:01,2025-06-11 18:28,MODIFIED COEFFICIENT: A metadata review found that the CDOM calibration values for the sensor (GI01SUMO-RID16-02-FLORTD000) were incorrect for all of deployment 11 due to biased primary and secondary calibration standards which would result in delivery of incorrect L1 or L2 derived values during that time range. The erroneous calibration values have now been entered and verified as of XXXX. All derived L1 and L2 values generated prior to the annotation date for deployment 11 for the time range 2024-06-10 00:01 to 2025-06-11 18:28 should be re-requested in order to ensure utilization of correct calibration values. The updated values can be viewed at https://github.com/ooi-integration/asset-management/blob/master/calibration/FLORTD/CGINS-FLORTD-01317__20170329.csv.
Global Argentine Basin,Apex Surface Mooring,Surface Buoy,3-Wavelength Fluorometer: FLORT Series D,GA01SUMO-SBD12-02-FLORTD000,CGINS-FLORTD-01318,BBFL2W-1318,2,-9999999,CGINS-FLORTD-01318__20150710.csv,https://github.com/ooi-integration/asset-management/blob/master/calibration/FLORTD/CGINS-FLORTD-01318__20150710.csv,Calibration coefficients were modified,2015-11-14 21:06,2016-11-08 10:10,MODIFIED COEFFICIENT: A metadata review found that the CDOM calibration values for the sensor (GA01SUMO-SBD12-02-FLORTD000) were incorrect for all of deployment 2 due to biased primary and secondary calibration standards which would result in delivery of incorrect L1 or L2 derived values during that time range. The erroneous calibration values have now been entered and verified as of XXXX. All derived L1 and L2 values generated prior to the annotation date for deployment 2 for the time range 2015-11-14 21:06 to 2016-11-08 10:10 should be re-requested in order to ensure utilization of correct calibration values. The updated values can be viewed at https://github.com/ooi-integration/asset-management/blob/master/calibration/FLORTD/CGINS-FLORTD-01318__20150710.csv.
Global Irminger Sea,Flanking Subsurface Mooring B,Mooring Riser,3-Wavelength Fluorometer: FLORT Series D,GI03FLMB-RIS01-05-FLORTD000,CGINS-FLORTD-01318,BBFL2W-1318,4,-9999999,CGINS-FLORTD-01318__20170329.csv,https://github.com/ooi-integration/asset-management/blob/master/calibration/FLORTD/CGINS-FLORTD-01318__20170329.csv,Calibration coefficients were modified,2017-08-07 15:29,2018-06-11 19:36,MODIFIED COEFFICIENT: A metadata review found that the CDOM calibration values for the sensor (GI03FLMB-RIS01-05-FLORTD000) were incorrect for all of deployment 4 due to biased primary and secondary calibration standards which would result in delivery of incorrect L1 or L2 derived values during that time range. The erroneous calibration values have now been entered and verified as of XXXX. All derived L1 and L2 values generated prior to the annotation date for deployment 4 for the time range 2017-08-07 15:29 to 2018-06-11 19:36 should be re-requested in order to ensure utilization of correct calibration values. The updated values can be viewed at https://github.com/ooi-integration/asset-management/blob/master/calibration/FLORTD/CGINS-FLORTD-01318__20170329.csv.
Coastal Pioneer NES,Inshore Surface Mooring,Near Surface Instrument Frame,3-Wavelength Fluorometer: FLORT Series D,CP03ISSM-RID27-02-FLORTD000,CGINS-FLORTD-01318,BBFL2W-1318,11,-9999999,CGINS-FLORTD-01318__20180928.csv,https://github.com/ooi-integration/asset-management/blob/master/calibration/FLORTD/CGINS-FLORTD-01318__20180928.csv,Calibration coefficients were modified,2019-09-26 13:50,2020-11-01 13:16,MODIFIED COEFFICIENT: A metadata review found that the CDOM calibration values for the sensor (CP03ISSM-RID27-02-FLORTD000) were incorrect for all of deployment 11 due to biased primary and secondary calibration standards which would result in delivery of incorrect L1 or L2 derived values during that time range. The erroneous calibration values have now been entered and verified as of XXXX. All derived L1 and L2 values generated prior to the annotation date for deployment 11 for the time range 2019-09-26 13:50 to 2020-11-01 13:16 should be re-requested in order to ensure utilization of correct calibration values. The updated values can be viewed at https://github.com/ooi-integration/asset-management/blob/master/calibration/FLORTD/CGINS-FLORTD-01318__20180928.csv.
Coastal Pioneer NES,Offshore Surface Mooring,Near Surface Instrument Frame,3-Wavelength Fluorometer: FLORT Series D,CP04OSSM-RID27-02-FLORTD000,CGINS-FLORTD-01318,BBFL2W-1318,14,-9999999,CGINS-FLORTD-01318__20210122.csv,https://github.com/ooi-integration/asset-management/blob/master/calibration/FLORTD/CGINS-FLORTD-01318__20210122.csv,Calibration coefficients were modified,2021-10-30 20:10,2022-04-12 12:17,MODIFIED COEFFICIENT: A metadata review found that the CDOM calibration values for the sensor (CP04OSSM-RID27-02-FLORTD000) were incorrect for all of deployment 14 due to biased primary and secondary calibration standards which would result in delivery of incorrect L1 or L2 derived values during that time range. The erroneous calibration values have now been entered and verified as of XXXX. All derived L1 and L2 values generated prior to the annotation date for deployment 14 for the time range 2021-10-30 20:10 to 2022-04-12 12:17 should be re-requested in order to ensure utilization of correct calibration values. The updated values can be viewed at https://github.com/ooi-integration/asset-management/blob/master/calibration/FLORTD/CGINS-FLORTD-01318__20210122.csv.
Global Irminger Sea,Flanking Subsurface Mooring A,Mooring Riser,3-Wavelength Fluorometer: FLORT Series D,GI03FLMA-RIS01-05-FLORTD000,CGINS-FLORTD-01318,BBFL2W-1318,10,-9999999,CGINS-FLORTD-01318__20220913.csv,https://github.com/ooi-integration/asset-management/blob/master/calibration/FLORTD/CGINS-FLORTD-01318__20220913.csv,Calibration coefficients were modified,2023-09-05 14:56,2024-06-25 13:54,MODIFIED COEFFICIENT: A metadata review found that the CDOM calibration values for the sensor (GI03FLMA-RIS01-05-FLORTD000) were incorrect for all of deployment 10 due to biased primary and secondary calibration standards which would result in delivery of incorrect L1 or L2 derived values during that time range. The erroneous calibration values have now been entered and verified as of XXXX. All derived L1 and L2 values generated prior to the annotation date for deployment 10 for the time range 2023-09-05 14:56 to 2024-06-25 13:54 should be re-requested in order to ensure utilization of correct calibration values. The updated values can be viewed at https://github.com/ooi-integration/asset-management/blob/master/calibration/FLORTD/CGINS-FLORTD-01318__20220913.csv.
Global Southern Ocean,Apex Surface Mooring,Surface Buoy,3-Wavelength Fluorometer: FLORT Series D,GS01SUMO-SBD12-02-FLORTD000,CGINS-FLORTD-01319,BBFL2W-1319,2,-9999999,CGINS-FLORTD-01319__20150710.csv,https://github.com/ooi-integration/asset-management/blob/master/calibration/FLORTD/CGINS-FLORTD-01319__20150710.csv,Calibration coefficients were modified,2015-12-14 20:20,2016-12-12 07:58,MODIFIED COEFFICIENT: A metadata review found that the CDOM calibration values for the sensor (GS01SUMO-SBD12-02-FLORTD000) were incorrect for all of deployment 2 due to biased primary and secondary calibration standards which would result in delivery of incorrect L1 or L2 derived values during that time range. The erroneous calibration values have now been entered and verified as of XXXX. All derived L1 and L2 values generated prior to the annotation date for deployment 2 for the time range 2015-12-14 20:20 to 2016-12-12 07:58 should be re-requested in order to ensure utilization of correct calibration values. The updated values can be viewed at https://github.com/ooi-integration/asset-management/blob/master/calibration/FLORTD/CGINS-FLORTD-01319__20150710.csv.
Global Irminger Sea,Flanking Subsurface Mooring A,Mooring Riser,3-Wavelength Fluorometer: FLORT Series D,GI03FLMA-RIS01-05-FLORTD000,CGINS-FLORTD-01319,BBFL2W-1319,5,-9999999,CGINS-FLORTD-01319__20170320.csv,https://github.com/ooi-integration/asset-management/blob/master/calibration/FLORTD/CGINS-FLORTD-01319__20170320.csv,Calibration coefficients were modified,2018-06-10 13:59,2019-08-11 08:25,MODIFIED COEFFICIENT: A metadata review found that the CDOM calibration values for the sensor (GI03FLMA-RIS01-05-FLORTD000) were incorrect for all of deployment 5 due to biased primary and secondary calibration standards which would result in delivery of incorrect L1 or L2 derived values during that time range. The erroneous calibration values have now been entered and verified as of XXXX. All derived L1 and L2 values generated prior to the annotation date for deployment 5 for the time range 2018-06-10 13:59 to 2019-08-11 08:25 should be re-requested in order to ensure utilization of correct calibration values. The updated values can be viewed at https://github.com/ooi-integration/asset-management/blob/master/calibration/FLORTD/CGINS-FLORTD-01319__20170320.csv.
Coastal Pioneer NES,Inshore Surface Mooring,Near Surface Instrument Frame,3-Wavelength Fluorometer: FLORT Series D,CP03ISSM-RID27-02-FLORTD000,CGINS-FLORTD-01319,BBFL2W-1319,13,-9999999,CGINS-FLORTD-01319__20200401.csv,https://github.com/ooi-integration/asset-management/blob/master/calibration/FLORTD/CGINS-FLORTD-01319__20200401.csv,Calibration coefficients were modified,2021-04-02 20:47,2021-11-11 19:30,MODIFIED COEFFICIENT: A metadata review found that the CDOM calibration values for the sensor (CP03ISSM-RID27-02-FLORTD000) were incorrect for all of deployment 13 due to biased primary and secondary calibration standards which would result in delivery of incorrect L1 or L2 derived values during that time range. The erroneous calibration values have now been entered and verified as of XXXX. All derived L1 and L2 values generated prior to the annotation date for deployment 13 for the time range 2021-04-02 20:47 to 2021-11-11 19:30 should be re-requested in order to ensure utilization of correct calibration values. The updated values can be viewed at https://github.com/ooi-integration/asset-management/blob/master/calibration/FLORTD/CGINS-FLORTD-01319__20200401.csv.
Global Irminger Sea,Flanking Subsurface Mooring A,Mooring Riser,3-Wavelength Fluorometer: FLORT Series D,GI03FLMA-RIS01-05-FLORTD000,CGINS-FLORTD-01319,BBFL2W-1319,9,-9999999,CGINS-FLORTD-01319__20220105.csv,https://github.com/ooi-integration/asset-management/blob/master/calibration/FLORTD/CGINS-FLORTD-01319__20220105.csv,Calibration coefficients were modified,2022-07-03 13:45,2023-09-09 10:00,MODIFIED COEFFICIENT: A metadata review found that the CDOM calibration values for the sensor (GI03FLMA-RIS01-05-FLORTD000) were incorrect for all of deployment 9 due to biased primary and secondary calibration standards which would result in delivery of incorrect L1 or L2 derived values during that time range. The erroneous calibration values have now been entered and verified as of XXXX. All derived L1 and L2 values generated prior to the annotation date for deployment 9 for the time range 2022-07-03 13:45 to 2023-09-09 10:00 should be re-requested in order to ensure utilization of correct calibration values. The updated values can be viewed at https://github.com/ooi-integration/asset-management/blob/master/calibration/FLORTD/CGINS-FLORTD-01319__20220105.csv.
Global Southern Ocean,Apex Surface Mooring,Near Surface Instrument Frame,3-Wavelength Fluorometer: FLORT Series D,GS01SUMO-RID16-02-FLORTD000,CGINS-FLORTD-01320,BBFL2W-1320,2,-9999999,CGINS-FLORTD-01320__20150707.csv,https://github.com/ooi-integration/asset-management/blob/master/calibration/FLORTD/CGINS-FLORTD-01320__20150707.csv,Calibration coefficients were modified,2015-12-14 20:20,2016-12-12 07:58,MODIFIED COEFFICIENT: A metadata review found that the CDOM calibration values for the sensor (GS01SUMO-RID16-02-FLORTD000) were incorrect for all of deployment 2 due to biased primary and secondary calibration standards which would result in delivery of incorrect L1 or L2 derived values during that time range. The erroneous calibration values have now been entered and verified as of XXXX. All derived L1 and L2 values generated prior to the annotation date for deployment 2 for the time range 2015-12-14 20:20 to 2016-12-12 07:58 should be re-requested in order to ensure utilization of correct calibration values. The updated values can be viewed at https://github.com/ooi-integration/asset-management/blob/master/calibration/FLORTD/CGINS-FLORTD-01320__20150707.csv.
Global Irminger Sea,Flanking Subsurface Mooring B,Mooring Riser,3-Wavelength Fluorometer: FLORT Series D,GI03FLMB-RIS01-05-FLORTD000,CGINS-FLORTD-01320,BBFL2W-1320,5,-9999999,CGINS-FLORTD-01320__20170320.csv,https://github.com/ooi-integration/asset-management/blob/master/calibration/FLORTD/CGINS-FLORTD-01320__20170320.csv,Calibration coefficients were modified,2018-06-11 14:35,2019-08-10 12:09,MODIFIED COEFFICIENT: A metadata review found that the CDOM calibration values for the sensor (GI03FLMB-RIS01-05-FLORTD000) were incorrect for all of deployment 5 due to biased primary and secondary calibration standards which would result in delivery of incorrect L1 or L2 derived values during that time range. The erroneous calibration values have now been entered and verified as of XXXX. All derived L1 and L2 values generated prior to the annotation date for deployment 5 for the time range 2018-06-11 14:35 to 2019-08-10 12:09 should be re-requested in order to ensure utilization of correct calibration values. The updated values can be viewed at https://github.com/ooi-integration/asset-management/blob/master/calibration/FLORTD/CGINS-FLORTD-01320__20170320.csv.
Coastal Pioneer NES,Offshore Surface Mooring,Near Surface Instrument Frame,3-Wavelength Fluorometer: FLORT Series D,CP04OSSM-RID27-02-FLORTD000,CGINS-FLORTD-01320,BBFL2W-1320,13,-9999999,CGINS-FLORTD-01320__20200401.csv,https://github.com/ooi-integration/asset-management/blob/master/calibration/FLORTD/CGINS-FLORTD-01320__20200401.csv,Calibration coefficients were modified,2021-03-30 15:02,2021-11-04 12:12,MODIFIED COEFFICIENT: A metadata review found that the CDOM calibration values for the sensor (CP04OSSM-RID27-02-FLORTD000) were incorrect for all of deployment 13 due to biased primary and secondary calibration standards which would result in delivery of incorrect L1 or L2 derived values during that time range. The erroneous calibration values have now been entered and verified as of XXXX. All derived L1 and L2 values generated prior to the annotation date for deployment 13 for the time range 2021-03-30 15:02 to 2021-11-04 12:12 should be re-requested in order to ensure utilization of correct calibration values. The updated values can be viewed at https://github.com/ooi-integration/asset-management/blob/master/calibration/FLORTD/CGINS-FLORTD-01320__20200401.csv.
Global Southern Ocean,Flanking Subsurface Mooring A,Mooring Riser,3-Wavelength Fluorometer: FLORT Series D,GS03FLMA-RIS01-05-FLORTD000,CGINS-FLORTD-01321,BBFL2W-1321,2,-9999999,CGINS-FLORTD-01321__20150729.csv,https://github.com/ooi-integration/asset-management/blob/master/calibration/FLORTD/CGINS-FLORTD-01321__20150729.csv,Calibration coefficients were modified,2015-12-17 19:42,2016-12-06 09:00,MODIFIED COEFFICIENT: A metadata review found that the CDOM calibration values for the sensor (GS03FLMA-RIS01-05-FLORTD000) were incorrect for all of deployment 2 due to biased primary and secondary calibration standards which would result in delivery of incorrect L1 or L2 derived values during that time range. The erroneous calibration values have now been entered and verified as of XXXX. All derived L1 and L2 values generated prior to the annotation date for deployment 2 for the time range 2015-12-17 19:42 to 2016-12-06 09:00 should be re-requested in order to ensure utilization of correct calibration values. The updated values can be viewed at https://github.com/ooi-integration/asset-management/blob/master/calibration/FLORTD/CGINS-FLORTD-01321__20150729.csv.
Global Station Papa,Flanking Subsurface Mooring A,Mooring Riser,3-Wavelength Fluorometer: FLORT Series D,GP03FLMA-RIS01-05-FLORTD000,CGINS-FLORTD-01321,BBFL2W-1321,6,-9999999,CGINS-FLORTD-01321__20170412.csv,https://github.com/ooi-integration/asset-management/blob/master/calibration/FLORTD/CGINS-FLORTD-01321__20170412.csv,Calibration coefficients were modified,2018-07-23 22:54,2019-09-29 15:54,MODIFIED COEFFICIENT: A metadata review found that the CDOM calibration values for the sensor (GP03FLMA-RIS01-05-FLORTD000) were incorrect for all of deployment 6 due to biased primary and secondary calibration standards which would result in delivery of incorrect L1 or L2 derived values during that time range. The erroneous calibration values have now been entered and verified as of XXXX. All derived L1 and L2 values generated prior to the annotation date for deployment 6 for the time range 2018-07-23 22:54 to 2019-09-29 15:54 should be re-requested in order to ensure utilization of correct calibration values. The updated values can be viewed at https://github.com/ooi-integration/asset-management/blob/master/calibration/FLORTD/CGINS-FLORTD-01321__20170412.csv.
Global Irminger Sea,Apex Surface Mooring,Near Surface Instrument Frame,3-Wavelength Fluorometer: FLORT Series D,GI01SUMO-RID16-02-FLORTD000,CGINS-FLORTD-01321,BBFL2W-1321,9,-9999999,CGINS-FLORTD-01321__20211223.csv,https://github.com/ooi-integration/asset-management/blob/master/calibration/FLORTD/CGINS-FLORTD-01321__20211223.csv,Calibration coefficients were modified,2022-06-30 15:54,2023-09-10 10:12,MODIFIED COEFFICIENT: A metadata review found that the CDOM calibration values for the sensor (GI01SUMO-RID16-02-FLORTD000) were incorrect for all of deployment 9 due to biased primary and secondary calibration standards which would result in delivery of incorrect L1 or L2 derived values during that time range. The erroneous calibration values have now been entered and verified as of XXXX. All derived L1 and L2 values generated prior to the annotation date for deployment 9 for the time range 2022-06-30 15:54 to 2023-09-10 10:12 should be re-requested in order to ensure utilization of correct calibration values. The updated values can be viewed at https://github.com/ooi-integration/asset-management/blob/master/calibration/FLORTD/CGINS-FLORTD-01321__20211223.csv.
Global Southern Ocean,Flanking Subsurface Mooring B,Mooring Riser,3-Wavelength Fluorometer: FLORT Series D,GS03FLMB-RIS01-05-FLORTD000,CGINS-FLORTD-01322,BBFL2W-1322,2,-9999999,CGINS-FLORTD-01322__20150729.csv,https://github.com/ooi-integration/asset-management/blob/master/calibration/FLORTD/CGINS-FLORTD-01322__20150729.csv,Calibration coefficients were modified,2015-12-16 19:33,2016-12-05 11:45,MODIFIED COEFFICIENT: A metadata review found that the CDOM calibration values for the sensor (GS03FLMB-RIS01-05-FLORTD000) were incorrect for all of deployment 2 due to biased primary and secondary calibration standards which would result in delivery of incorrect L1 or L2 derived values during that time range. The erroneous calibration values have now been entered and verified as of XXXX. All derived L1 and L2 values generated prior to the annotation date for deployment 2 for the time range 2015-12-16 19:33 to 2016-12-05 11:45 should be re-requested in order to ensure utilization of correct calibration values. The updated values can be viewed at https://github.com/ooi-integration/asset-management/blob/master/calibration/FLORTD/CGINS-FLORTD-01322__20150729.csv.
Coastal Pioneer NES,Inshore Surface Mooring,Near Surface Instrument Frame,3-Wavelength Fluorometer: FLORT Series D,CP03ISSM-RID27-02-FLORTD000,CGINS-FLORTD-01322,BBFL2W-1322,7,-9999999,CGINS-FLORTD-01322__20170412.csv,https://github.com/ooi-integration/asset-management/blob/master/calibration/FLORTD/CGINS-FLORTD-01322__20170412.csv,Calibration coefficients were modified,2017-11-01 12:22,2018-03-28 16:56,MODIFIED COEFFICIENT: A metadata review found that the CDOM calibration values for the sensor (CP03ISSM-RID27-02-FLORTD000) were incorrect for all of deployment 7 due to biased primary and secondary calibration standards which would result in delivery of incorrect L1 or L2 derived values during that time range. The erroneous calibration values have now been entered and verified as of XXXX. All derived L1 and L2 values generated prior to the annotation date for deployment 7 for the time range 2017-11-01 12:22 to 2018-03-28 16:56 should be re-requested in order to ensure utilization of correct calibration values. The updated values can be viewed at https://github.com/ooi-integration/asset-management/blob/master/calibration/FLORTD/CGINS-FLORTD-01322__20170412.csv.
Global Irminger Sea,Flanking Subsurface Mooring B,Mooring Riser,3-Wavelength Fluorometer: FLORT Series D,GI03FLMB-RIS01-05-FLORTD000,CGINS-FLORTD-01322,BBFL2W-1322,10,-9999999,CGINS-FLORTD-01322__20180822.csv,https://github.com/ooi-integration/asset-management/blob/master/calibration/FLORTD/CGINS-FLORTD-01322__20180822.csv,Calibration coefficients were modified,2023-09-06 15:53,2024-06-19 10:04,MODIFIED COEFFICIENT: A metadata review found that the CDOM calibration values for the sensor (GI03FLMB-RIS01-05-FLORTD000) were incorrect for all of deployment 10 due to biased primary and secondary calibration standards which would result in delivery of incorrect L1 or L2 derived values during that time range. The erroneous calibration values have now been entered and verified as of XXXX. All derived L1 and L2 values generated prior to the annotation date for deployment 10 for the time range 2023-09-06 15:53 to 2024-06-19 10:04 should be re-requested in order to ensure utilization of correct calibration values. The updated values can be viewed at https://github.com/ooi-integration/asset-management/blob/master/calibration/FLORTD/CGINS-FLORTD-01322__20180822.csv.
Global Irminger Sea,Flanking Subsurface Mooring B,Mooring Riser,3-Wavelength Fluorometer: FLORT Series D,GI03FLMB-RIS01-05-FLORTD000,CGINS-FLORTD-01322,BBFL2W-1322,10,-9999999,CGINS-FLORTD-01322__20220912.csv,https://github.com/ooi-integration/asset-management/blob/master/calibration/FLORTD/CGINS-FLORTD-01322__20220912.csv,Calibration coefficients were modified,2023-09-06 15:53,2024-06-19 10:04,MODIFIED COEFFICIENT: A metadata review found that the CDOM calibration values for the sensor (GI03FLMB-RIS01-05-FLORTD000) were incorrect for all of deployment 10 due to biased primary and secondary calibration standards which would result in delivery of incorrect L1 or L2 derived values during that time range. The erroneous calibration values have now been entered and verified as of XXXX. All derived L1 and L2 values generated prior to the annotation date for deployment 10 for the time range 2023-09-06 15:53 to 2024-06-19 10:04 should be re-requested in order to ensure utilization of correct calibration values. The updated values can be viewed at https://github.com/ooi-integration/asset-management/blob/master/calibration/FLORTD/CGINS-FLORTD-01322__20220912.csv.
Coastal Pioneer NES,Offshore Surface Mooring,Near Surface Instrument Frame,3-Wavelength Fluorometer: FLORT Series D,CP04OSSM-RID27-02-FLORTD000,CGINS-FLORTD-01323,BBFL2W-1323,3,-9999999,CGINS-FLORTD-01323__20150729.csv,https://github.com/ooi-integration/asset-management/blob/master/calibration/FLORTD/CGINS-FLORTD-01323__20150729.csv,Calibration coefficients were modified,2015-10-22 19:38,2016-05-13 17:18,MODIFIED COEFFICIENT: A metadata review found that the CDOM calibration values for the sensor (CP04OSSM-RID27-02-FLORTD000) were incorrect for all of deployment 3 due to biased primary and secondary calibration standards which would result in delivery of incorrect L1 or L2 derived values during that time range. The erroneous calibration values have now been entered and verified as of XXXX. All derived L1 and L2 values generated prior to the annotation date for deployment 3 for the time range 2015-10-22 19:38 to 2016-05-13 17:18 should be re-requested in order to ensure utilization of correct calibration values. The updated values can be viewed at https://github.com/ooi-integration/asset-management/blob/master/calibration/FLORTD/CGINS-FLORTD-01323__20150729.csv.
Coastal Pioneer NES,Offshore Surface Mooring,Near Surface Instrument Frame,3-Wavelength Fluorometer: FLORT Series D,CP04OSSM-RID27-02-FLORTD000,CGINS-FLORTD-01323,BBFL2W-1323,5,-9999999,CGINS-FLORTD-01323__20160802.csv,https://github.com/ooi-integration/asset-management/blob/master/calibration/FLORTD/CGINS-FLORTD-01323__20160802.csv,Calibration coefficients were modified,2016-10-12 14:26,2017-06-08 12:05,MODIFIED COEFFICIENT: A metadata review found that the CDOM calibration values for the sensor (CP04OSSM-RID27-02-FLORTD000) were incorrect for all of deployment 5 due to biased primary and secondary calibration standards which would result in delivery of incorrect L1 or L2 derived values during that time range. The erroneous calibration values have now been entered and verified as of XXXX. All derived L1 and L2 values generated prior to the annotation date for deployment 5 for the time range 2016-10-12 14:26 to 2017-06-08 12:05 should be re-requested in order to ensure utilization of correct calibration values. The updated values can be viewed at https://github.com/ooi-integration/asset-management/blob/master/calibration/FLORTD/CGINS-FLORTD-01323__20160802.csv.
Global Irminger Sea,Apex Surface Mooring,Surface Buoy,3-Wavelength Fluorometer: FLORT Series D,GI01SUMO-SBD12-02-FLORTD000,CGINS-FLORTD-01323,BBFL2W-1323,5,-9999999,CGINS-FLORTD-01323__20170802.csv,https://github.com/ooi-integration/asset-management/blob/master/calibration/FLORTD/CGINS-FLORTD-01323__20170802.csv,Calibration coefficients were modified,2018-06-08 17:21,2019-08-09 08:04,MODIFIED COEFFICIENT: A metadata review found that the CDOM calibration values for the sensor (GI01SUMO-SBD12-02-FLORTD000) were incorrect for all of deployment 5 due to biased primary and secondary calibration standards which would result in delivery of incorrect L1 or L2 derived values during that time range. The erroneous calibration values have now been entered and verified as of XXXX. All derived L1 and L2 values generated prior to the annotation date for deployment 5 for the time range 2018-06-08 17:21 to 2019-08-09 08:04 should be re-requested in order to ensure utilization of correct calibration values. The updated values can be viewed at https://github.com/ooi-integration/asset-management/blob/master/calibration/FLORTD/CGINS-FLORTD-01323__20170802.csv.
Global Station Papa,Flanking Subsurface Mooring A,Mooring Riser,3-Wavelength Fluorometer: FLORT Series D,GP03FLMA-RIS01-05-FLORTD000,CGINS-FLORTD-01323,BBFL2W-1323,8,-9999999,CGINS-FLORTD-01323__20200129.csv,https://github.com/ooi-integration/asset-management/blob/master/calibration/FLORTD/CGINS-FLORTD-01323__20200129.csv,Calibration coefficients were modified,2021-07-23 19:43,2022-05-23 16:02,MODIFIED COEFFICIENT: A metadata review found that the CDOM calibration values for the sensor (GP03FLMA-RIS01-05-FLORTD000) were incorrect for all of deployment 8 due to biased primary and secondary calibration standards which would result in delivery of incorrect L1 or L2 derived values during that time range. The erroneous calibration values have now been entered and verified as of XXXX. All derived L1 and L2 values generated prior to the annotation date for deployment 8 for the time range 2021-07-23 19:43 to 2022-05-23 16:02 should be re-requested in order to ensure utilization of correct calibration values. The updated values can be viewed at https://github.com/ooi-integration/asset-management/blob/master/calibration/FLORTD/CGINS-FLORTD-01323__20200129.csv.
Coastal Pioneer NES,Inshore Surface Mooring,Near Surface Instrument Frame,3-Wavelength Fluorometer: FLORT Series D,CP03ISSM-RID27-02-FLORTD000,CGINS-FLORTD-01324,BBFL2W-1324,3,-9999999,CGINS-FLORTD-01324__20150729.csv,https://github.com/ooi-integration/asset-management/blob/master/calibration/FLORTD/CGINS-FLORTD-01324__20150729.csv,Calibration coefficients were modified,2015-10-21 17:44,2016-05-14 13:45,MODIFIED COEFFICIENT: A metadata review found that the CDOM calibration values for the sensor (CP03ISSM-RID27-02-FLORTD000) were incorrect for all of deployment 3 due to biased primary and secondary calibration standards which would result in delivery of incorrect L1 or L2 derived values during that time range. The erroneous calibration values have now been entered and verified as of XXXX. All derived L1 and L2 values generated prior to the annotation date for deployment 3 for the time range 2015-10-21 17:44 to 2016-05-14 13:45 should be re-requested in order to ensure utilization of correct calibration values. The updated values can be viewed at https://github.com/ooi-integration/asset-management/blob/master/calibration/FLORTD/CGINS-FLORTD-01324__20150729.csv.
Coastal Pioneer NES,Central Surface Mooring,Near Surface Instrument Frame,3-Wavelength Fluorometer: FLORT Series D,CP01CNSM-RID27-02-FLORTD000,CGINS-FLORTD-01324,BBFL2W-1324,6,-9999999,CGINS-FLORTD-01324__20160802.csv,https://github.com/ooi-integration/asset-management/blob/master/calibration/FLORTD/CGINS-FLORTD-01324__20160802.csv,Calibration coefficients were modified,2016-10-13 18:36,2017-06-09 16:05,MODIFIED COEFFICIENT: A metadata review found that the CDOM calibration values for the sensor (CP01CNSM-RID27-02-FLORTD000) were incorrect for all of deployment 6 due to biased primary and secondary calibration standards which would result in delivery of incorrect L1 or L2 derived values during that time range. The erroneous calibration values have now been entered and verified as of XXXX. All derived L1 and L2 values generated prior to the annotation date for deployment 6 for the time range 2016-10-13 18:36 to 2017-06-09 16:05 should be re-requested in order to ensure utilization of correct calibration values. The updated values can be viewed at https://github.com/ooi-integration/asset-management/blob/master/calibration/FLORTD/CGINS-FLORTD-01324__20160802.csv.
Global Irminger Sea,Apex Surface Mooring,Near Surface Instrument Frame,3-Wavelength Fluorometer: FLORT Series D,GI01SUMO-RID16-02-FLORTD000,CGINS-FLORTD-01324,BBFL2W-1324,5,-9999999,CGINS-FLORTD-01324__20170803.csv,https://github.com/ooi-integration/asset-management/blob/master/calibration/FLORTD/CGINS-FLORTD-01324__20170803.csv,Calibration coefficients were modified,2018-06-08 17:21,2019-08-09 08:04,MODIFIED COEFFICIENT: A metadata review found that the CDOM calibration values for the sensor (GI01SUMO-RID16-02-FLORTD000) were incorrect for all of deployment 5 due to biased primary and secondary calibration standards which would result in delivery of incorrect L1 or L2 derived values during that time range. The erroneous calibration values have now been entered and verified as of XXXX. All derived L1 and L2 values generated prior to the annotation date for deployment 5 for the time range 2018-06-08 17:21 to 2019-08-09 08:04 should be re-requested in order to ensure utilization of correct calibration values. The updated values can be viewed at https://github.com/ooi-integration/asset-management/blob/master/calibration/FLORTD/CGINS-FLORTD-01324__20170803.csv.
Global Station Papa,Flanking Subsurface Mooring B,Mooring Riser,3-Wavelength Fluorometer: FLORT Series D,GP03FLMB-RIS01-05-FLORTD000,CGINS-FLORTD-01324,BBFL2W-1324,8,-9999999,CGINS-FLORTD-01324__20200117.csv,https://github.com/ooi-integration/asset-management/blob/master/calibration/FLORTD/CGINS-FLORTD-01324__20200117.csv,Calibration coefficients were modified,2021-07-24 19:32,2022-05-22 16:59,MODIFIED COEFFICIENT: A metadata review found that the CDOM calibration values for the sensor (GP03FLMB-RIS01-05-FLORTD000) were incorrect for all of deployment 8 due to biased primary and secondary calibration standards which would result in delivery of incorrect L1 or L2 derived values during that time range. The erroneous calibration values have now been entered and verified as of XXXX. All derived L1 and L2 values generated prior to the annotation date for deployment 8 for the time range 2021-07-24 19:32 to 2022-05-22 16:59 should be re-requested in order to ensure utilization of correct calibration values. The updated values can be viewed at https://github.com/ooi-integration/asset-management/blob/master/calibration/FLORTD/CGINS-FLORTD-01324__20200117.csv.
Global Station Papa,Flanking Subsurface Mooring B,Mooring Riser,3-Wavelength Fluorometer: FLORT Series D,GP03FLMB-RIS01-05-FLORTD000,CGINS-FLORTD-01435,BBFL2W-1435,6,-9999999,CGINS-FLORTD-01435__20160422.csv,https://github.com/ooi-integration/asset-management/blob/master/calibration/FLORTD/CGINS-FLORTD-01435__20160422.csv,Calibration coefficients were modified,2018-07-24 23:01,2019-09-27 23:55,MODIFIED COEFFICIENT: A metadata review found that the CDOM calibration values for the sensor (GP03FLMB-RIS01-05-FLORTD000) were incorrect for all of deployment 6 due to biased primary and secondary calibration standards which would result in delivery of incorrect L1 or L2 derived values during that time range. The erroneous calibration values have now been entered and verified as of XXXX. All derived L1 and L2 values generated prior to the annotation date for deployment 6 for the time range 2018-07-24 23:01 to 2019-09-27 23:55 should be re-requested in order to ensure utilization of correct calibration values. The updated values can be viewed at https://github.com/ooi-integration/asset-management/blob/master/calibration/FLORTD/CGINS-FLORTD-01435__20160422.csv.
Global Irminger Sea,Flanking Subsurface Mooring B,Mooring Riser,3-Wavelength Fluorometer: FLORT Series D,GI03FLMB-RIS01-05-FLORTD000,CGINS-FLORTD-01435,BBFL2W-1435,9,-9999999,CGINS-FLORTD-01435__20220202.csv,https://github.com/ooi-integration/asset-management/blob/master/calibration/FLORTD/CGINS-FLORTD-01435__20220202.csv,Calibration coefficients were modified,2022-07-02 13:43,2023-09-09 16:52,MODIFIED COEFFICIENT: A metadata review found that the CDOM calibration values for the sensor (GI03FLMB-RIS01-05-FLORTD000) were incorrect for all of deployment 9 due to biased primary and secondary calibration standards which would result in delivery of incorrect L1 or L2 derived values during that time range. The erroneous calibration values have now been entered and verified as of XXXX. All derived L1 and L2 values generated prior to the annotation date for deployment 9 for the time range 2022-07-02 13:43 to 2023-09-09 16:52 should be re-requested in order to ensure utilization of correct calibration values. The updated values can be viewed at https://github.com/ooi-integration/asset-management/blob/master/calibration/FLORTD/CGINS-FLORTD-01435__20220202.csv.
Coastal Pioneer NES,Central Surface Piercing Profiler Mooring,Surface Piercing Profiler,3-Wavelength Fluorometer: FLORT Series J,CP01CNSP-SP001-09-FLORTJ000,CGINS-FLORTJ-01205,BBFL2W-1205,1,-9999999,CGINS-FLORTJ-01205__20140610.csv,https://github.com/ooi-integration/asset-management/blob/master/calibration/FLORTJ/CGINS-FLORTJ-01205__20140610.csv,Calibration coefficients were modified,2015-05-07 19:22,2015-05-07 19:30,MODIFIED COEFFICIENT: A metadata review found that the CDOM calibration values for the sensor (CP01CNSP-SP001-09-FLORTJ000) were incorrect for all of deployment 1 due to biased primary and secondary calibration standards which would result in delivery of incorrect L1 or L2 derived values during that time range. The erroneous calibration values have now been entered and verified as of XXXX. All derived L1 and L2 values generated prior to the annotation date for deployment 1 for the time range 2015-05-07 19:22 to 2015-05-07 19:30 should be re-requested in order to ensure utilization of correct calibration values. The updated values can be viewed at https://github.com/ooi-integration/asset-management/blob/master/calibration/FLORTJ/CGINS-FLORTJ-01205__20140610.csv.
Coastal Pioneer NES,Inshore Surface Piercing Profiler Mooring,Surface Piercing Profiler,3-Wavelength Fluorometer: FLORT Series J,CP03ISSP-SP001-09-FLORTJ000,CGINS-FLORTJ-01208,BBFL2W-1208,1,-9999999,CGINS-FLORTJ-01208__20140610.csv,https://github.com/ooi-integration/asset-management/blob/master/calibration/FLORTJ/CGINS-FLORTJ-01208__20140610.csv,Calibration coefficients were modified,2014-12-14 23:30,2015-01-11 03:30,MODIFIED COEFFICIENT: A metadata review found that the CDOM calibration values for the sensor (CP03ISSP-SP001-09-FLORTJ000) were incorrect for all of deployment 1 due to biased primary and secondary calibration standards which would result in delivery of incorrect L1 or L2 derived values during that time range. The erroneous calibration values have now been entered and verified as of XXXX. All derived L1 and L2 values generated prior to the annotation date for deployment 1 for the time range 2014-12-14 23:30 to 2015-01-11 03:30 should be re-requested in order to ensure utilization of correct calibration values. The updated values can be viewed at https://github.com/ooi-integration/asset-management/blob/master/calibration/FLORTJ/CGINS-FLORTJ-01208__20140610.csv.
Coastal Pioneer NES,Inshore Surface Piercing Profiler Mooring,Surface Piercing Profiler,3-Wavelength Fluorometer: FLORT Series J,CP03ISSP-SP001-09-FLORTJ000,CGINS-FLORTJ-01208,BBFL2W-1208,4,-9999999,CGINS-FLORTJ-01208__20160219.csv,https://github.com/ooi-integration/asset-management/blob/master/calibration/FLORTJ/CGINS-FLORTJ-01208__20160219.csv,Calibration coefficients were modified,2016-05-28 19:07,2016-05-30 16:44,MODIFIED COEFFICIENT: A metadata review found that the CDOM calibration values for the sensor (CP03ISSP-SP001-09-FLORTJ000) were incorrect for all of deployment 4 due to biased primary and secondary calibration standards which would result in delivery of incorrect L1 or L2 derived values during that time range. The erroneous calibration values have now been entered and verified as of XXXX. All derived L1 and L2 values generated prior to the annotation date for deployment 4 for the time range 2016-05-28 19:07 to 2016-05-30 16:44 should be re-requested in order to ensure utilization of correct calibration values. The updated values can be viewed at https://github.com/ooi-integration/asset-management/blob/master/calibration/FLORTJ/CGINS-FLORTJ-01208__20160219.csv.
